Name,Team,League,Unnamed: 3,G,MP,FG,FGA,FG%,3P,3PA,3P%,2P,2PA,2P%,FT,FTA,FT%,ORB,DRB,TRB,AST,STL,BLK,TOV,PF,PTS,TS%,3PAr,FTr,Est_Poss,USG%,ORB%,DRB%,TRB%,AST%,STL%,BLK%,ORTG,DRTG,OBPM,DBPM,BPM,PER ,OWS,DWS,WS,WS/40
Deni Avdija,Maccabi Tel Aviv,EuroLeague,eu,26,412.222,4.444,10.111,0.436,1.444,5.111,0.277,3.0,5.111,0.596,1.111,1.889,0.556,1.667,5.667,7.333,3.222,1.111,0.667,2.0,5.556,11.333,0.518,0.505,0.187,12.942,45.35,14.6,33.094,25.696,87.879,3.893,12.012,87.569,103.8,0.445,2.081,2.526,11.108,-0.038,1.119,1.081,0.105
Giannis Antetokounmpo,Greece,FIBA,0,5,138.889,7.667,14.667,0.522,0.667,2.889,0.222,7.0,11.889,0.595,7.667,10.889,0.706,1.556,12.444,14.111,3.889,3.889,1.0,4.111,5.778,23.667,0.608,0.197,0.742,23.569,47.138,7.778,41.481,28.222,69.444,7.778,13.158,100.415,96.367,1.49,4.552,6.042,16.96,0.051,0.592,0.643,0.185
Thanasis Antetokounmpo,Greece,FIBA,0,5,68.889,7.778,14.222,0.545,1.889,5.111,0.375,5.778,9.0,0.643,1.889,3.889,0.5,1.889,2.556,4.556,3.222,1.333,1.333,2.556,9.0,19.333,0.607,0.359,0.273,18.489,74.552,19.041,17.174,18.369,56.863,5.376,18.018,104.567,103.767,1.315,1.207,2.522,18.177,0.071,0.306,0.376,0.219
LaMelo Ball,Hawks,NBL,au,12,416.667,8.0,21.333,0.375,2.111,8.556,0.25,5.889,12.778,0.458,3.667,5.0,0.723,2.444,7.222,9.667,8.778,2.0,0.111,3.222,3.333,21.778,0.463,0.401,0.234,26.756,42.809,9.778,19.259,15.467,151.341,3.2,1.048,81.395,101.467,2.277,1.285,3.562,11.76,-0.146,1.147,1.002,0.096
Nicolas Batum,Le Mans,LNB Pro A,fr,30,960.0,6.222,11.889,0.523,1.444,4.111,0.348,4.778,7.778,0.617,3.222,4.333,0.753,2.222,4.778,7.0,5.0,1.889,1.111,3.333,2.333,17.111,0.62,0.346,0.364,17.129,29.738,9.645,13.825,12.153,105.634,3.279,17.498,99.896,99.444,1.019,1.184,2.202,10.688,0.034,2.55,2.584,0.108
Joan Beringer,Cedevita Olimpija,ABA,0,30,608.889,4.333,7.333,0.594,0.0,0.0,0.0,4.333,7.333,0.594,2.0,3.333,0.6,2.889,6.111,9.0,1.222,1.111,3.222,1.333,5.222,10.778,0.612,0.0,0.455,10.133,27.737,19.769,27.879,24.635,33.951,3.041,74.935,106.36,99.033,-0.503,2.686,2.183,10.969,0.046,1.739,1.785,0.117
Goga Bitadze,Budućnost,EuroLeague,eu,13,350.0,6.444,11.778,0.548,0.667,2.0,0.313,5.889,9.778,0.597,6.333,8.889,0.714,4.222,6.333,10.556,1.889,0.778,3.778,2.333,6.0,19.889,0.634,0.17,0.755,18.022,37.189,21.781,21.781,21.781,38.813,1.605,59.965,110.358,99.256,0.998,2.22,3.218,12.286,0.111,1.103,1.213,0.139
Bismack Biyombo,Fuenlabrada,Liga ACB,es,14,265.556,5.333,9.667,0.552,0.0,0.0,0.0,5.333,9.667,0.552,4.333,7.889,0.553,4.556,7.333,11.889,0.667,0.889,5.333,4.0,4.667,15.111,0.575,0.0,0.816,17.138,50.194,33.357,35.797,34.821,15.873,2.603,99.688,88.174,95.511,-0.453,4.03,3.577,12.485,-0.047,0.975,0.928,0.14
Bogdan Bogdanović,Partizan,Euroleague,eu,23,802.222,6.556,16.444,0.401,2.778,7.444,0.37,3.778,9.0,0.426,2.889,3.778,0.754,0.889,3.778,4.667,4.667,2.0,0.222,4.333,3.333,18.889,0.522,0.453,0.23,22.44,35.742,3.54,10.029,7.433,94.595,3.186,2.646,84.175,101.267,1.206,0.591,1.797,10.573,-0.097,2.117,2.02,0.101
Clint Capela,Élan,LNB Pro A,fr,30,723.333,7.778,11.778,0.665,0.0,0.111,0.0,7.778,11.667,0.668,2.556,4.444,0.575,4.667,8.889,13.556,2.222,1.222,3.111,2.778,4.0,18.222,0.663,0.009,0.377,16.511,38.044,26.882,34.136,31.234,39.216,2.816,49.383,110.363,98.344,0.459,3.209,3.667,11.23,0.101,2.025,2.126,0.118
Bilal Coulibaly,Paris,LNB Pro A,fr,27,542.222,4.111,7.667,0.532,1.111,2.556,0.452,3.0,5.111,0.571,1.778,3.0,0.595,1.778,5.0,6.778,1.778,1.667,0.444,2.0,3.333,11.111,0.618,0.333,0.391,10.987,30.393,12.295,23.053,18.75,51.282,4.611,9.988,101.133,101.7,-0.02,1.522,1.502,10.83,0.027,1.461,1.488,0.11
Dyson Daniels,Australia,Paris 2024,fr,3,96.667,6.0,11.444,0.52,2.333,5.556,0.417,3.667,6.0,0.615,1.333,2.333,0.6,1.889,6.889,8.778,6.0,1.333,0.889,3.667,2.333,15.667,0.628,0.485,0.204,16.138,27.824,8.142,19.796,15.134,130.435,2.299,14.453,97.081,101.233,1.065,1.239,2.304,17.0,0.013,0.353,0.366,0.152
Mohamed Diawara,Cholet,LNB Élite,fr,27,587.778,4.333,11.222,0.383,1.667,5.333,0.31,2.667,5.889,0.449,1.556,3.111,0.488,2.333,4.0,6.333,3.0,1.111,0.556,1.667,4.667,11.778,0.468,0.475,0.277,14.258,36.386,14.887,17.013,16.163,83.333,2.836,9.183,82.606,103.556,0.506,0.75,1.256,10.647,-0.071,1.553,1.482,0.101
Ousmane Dieng,New Zealand,NBL,au,23,520.0,6.889,17.222,0.398,2.222,8.222,0.271,4.667,9.0,0.514,1.556,2.333,0.667,1.0,5.222,6.222,2.111,1.222,0.556,2.778,2.889,17.444,0.478,0.477,0.135,21.027,51.668,6.143,21.387,15.29,41.126,3.003,6.349,82.963,102.389,1.031,1.167,2.197,10.788,-0.101,1.389,1.288,0.099
Luka Doncic,Real Madrid,Liga ACB,es,28,745.556,7.111,15.444,0.463,2.0,7.0,0.28,5.222,8.444,0.617,5.111,6.556,0.773,1.556,7.889,9.444,8.333,1.889,0.667,3.556,2.667,21.333,0.582,0.453,0.424,21.884,45.661,8.114,27.433,19.705,158.228,3.941,8.386,97.482,100.411,2.169,2.095,4.263,11.14,0.022,1.992,2.013,0.108
Noa Essengue,Ulm,EuroCup,eu,18,474.444,6.556,11.667,0.56,0.889,3.222,0.294,5.667,8.556,0.659,6.889,9.333,0.73,2.111,6.889,8.889,1.889,2.333,0.889,1.667,4.444,20.889,0.662,0.276,0.8,17.44,36.759,11.124,24.2,18.735,38.288,4.918,14.222,119.776,99.789,1.441,2.192,3.632,11.623,0.173,1.347,1.52,0.128
Simone Fontecchio,Baskonia,Liga ACB,es,33,935.556,6.889,14.778,0.465,3.0,7.444,0.41,3.778,7.333,0.519,2.667,3.222,0.851,1.444,4.667,6.222,2.667,0.889,0.667,2.778,3.0,19.444,0.6,0.504,0.218,18.973,37.181,7.076,15.241,12.193,51.948,1.742,8.715,102.483,103.078,1.437,0.519,1.956,10.599,0.057,2.417,2.473,0.106
Josh Giddey,Adelaide,NBL,au,28,998.889,5.111,11.889,0.427,1.333,4.444,0.293,3.778,7.444,0.506,2.111,3.0,0.691,1.444,7.778,9.111,9.333,1.333,0.556,4.111,1.889,13.556,0.513,0.374,0.252,17.32,26.972,5.624,20.187,14.189,229.508,2.076,8.749,78.265,101.611,0.892,1.137,2.029,10.664,-0.116,2.592,2.476,0.099
Rudy Gobert,Cholet,LNB Pro A,fr,27,680.0,5.778,8.111,0.718,0.0,0.222,0.0,5.778,7.889,0.736,3.222,4.667,0.704,3.778,5.778,9.444,0.667,1.222,3.222,2.667,3.778,14.889,0.732,0.027,0.575,12.831,28.304,20.833,21.242,20.833,14.925,2.696,69.295,116.037,98.033,-0.179,2.222,2.043,11.015,0.108,1.922,2.03,0.119
Hugo Gonzalez,Real Madrid,Liga ACB,es,29,456.667,5.111,11.333,0.444,1.222,4.667,0.271,3.778,6.667,0.565,3.333,4.333,0.773,2.111,4.889,7.0,2.667,1.333,0.889,2.0,6.667,14.667,0.554,0.412,0.382,15.24,53.766,18.62,28.747,24.696,65.574,4.704,14.572,96.238,103.4,0.738,1.955,2.693,11.139,0.008,1.253,1.26,0.11
Isaiah Hartenstein,Žalgiris,EuroLeague,eu,5,17.778,5.0,12.556,0.4,0.0,5.0,0.0,5.0,7.556,0.667,2.556,2.556,1.0,0.0,10.0,10.0,2.556,0.0,0.0,5.0,5.0,12.556,0.459,0.398,0.204,18.68,291.875,0.0,260.417,156.25,63.889,0.0,0.0,67.214,107.5,-0.213,19.333,19.121,31.188,-0.208,0.044,-0.163,-0.367
Ariel Hukporti,Melbourne,NBL,au,28,571.111,7.0,11.778,0.596,0.0,0.0,0.0,7.0,11.778,0.596,4.333,6.889,0.618,5.333,10.0,15.333,1.556,1.333,3.222,3.667,6.222,18.333,0.619,0.0,0.585,18.476,50.323,36.316,45.396,41.764,29.915,3.632,51.146,99.23,98.978,0.203,4.221,4.424,11.512,0.031,1.656,1.687,0.118
Joe Ingles,Maccabi Tel Aviv,Euroleague,eu,30,763.333,4.111,8.556,0.476,1.778,4.222,0.411,2.333,4.333,0.541,1.333,1.889,0.697,0.778,4.556,5.333,5.111,1.333,0.111,2.222,3.222,11.222,0.598,0.494,0.221,11.609,25.347,4.246,16.578,11.645,147.436,2.911,2.291,96.669,103.078,0.592,0.671,1.263,10.624,0.008,1.981,1.988,0.104
AJ Johnson,Illawarra,NBL,au,25,220.0,5.444,15.333,0.355,1.667,5.667,0.286,3.889,9.667,0.396,1.444,2.667,0.538,1.444,5.222,6.667,3.667,1.222,0.556,3.0,3.889,13.889,0.421,0.37,0.174,19.507,123.148,22.797,54.948,42.088,85.938,7.716,7.032,71.201,102.889,0.478,3.851,4.329,11.621,-0.186,0.639,0.453,0.082
Nikola Jokic,Serbia,Rio de Janeiro 2016,br,5,120.0,7.0,12.556,0.559,0.778,3.0,0.25,6.333,9.667,0.654,2.222,3.333,0.667,2.222,8.889,11.111,4.444,1.889,1.111,2.556,5.556,17.0,0.606,0.239,0.265,16.578,38.374,12.86,34.294,25.72,85.47,4.372,16.708,102.547,101.056,0.931,2.821,3.752,16.583,0.05,0.45,0.5,0.167
Nikola Jovic,Mega,ABA,0,25,772.222,5.778,13.556,0.428,2.444,6.778,0.356,3.444,6.778,0.5,2.778,3.778,0.754,1.222,5.111,6.333,4.889,0.778,0.556,3.889,3.556,16.889,0.555,0.5,0.279,19.107,34.365,5.496,15.321,11.391,109.453,1.399,7.825,88.393,103.833,1.092,0.415,1.507,10.652,-0.05,1.997,1.947,0.101
Maxi Kleber,Bayern Munich,EuroCup,eu,17,436.667,5.778,11.667,0.496,2.222,5.111,0.44,3.556,6.667,0.538,3.0,3.556,0.829,4.111,7.444,11.556,2.333,1.667,1.667,2.222,4.444,16.778,0.634,0.438,0.305,15.453,33.423,22.229,26.835,24.993,52.239,3.605,26.667,108.571,100.056,1.009,2.313,3.323,11.74,0.084,1.258,1.342,0.123
Vit Krejci,Zaragoza,Liga ACB,es,18,152.222,6.444,10.556,0.611,1.444,4.333,0.333,5.0,6.111,0.81,2.667,3.778,0.692,1.778,3.778,5.556,2.333,0.889,0.333,2.889,9.333,16.889,0.691,0.411,0.358,15.107,99.241,29.197,41.363,36.496,47.945,5.839,5.797,111.798,106.844,0.851,2.476,3.327,13.526,0.102,0.442,0.543,0.143
Karlo Matkovic,Mega,ABA,0,25,610.0,8.778,14.444,0.606,0.0,0.222,0.0,8.778,14.222,0.615,3.556,5.0,0.71,5.0,6.111,11.111,2.0,0.889,2.0,2.889,5.556,21.111,0.634,0.015,0.346,19.533,44.475,28.461,23.19,25.299,31.915,2.024,26.667,108.077,101.956,0.852,1.689,2.541,11.333,0.102,1.669,1.772,0.116
Svi Mykhailiuk,Ukraine,FIBA,0,4,36.667,2.444,13.333,0.182,1.222,7.222,0.167,1.222,6.111,0.2,2.444,6.111,0.4,3.667,2.444,6.111,2.444,1.222,0.0,7.222,4.889,8.444,0.264,0.542,0.458,23.244,140.875,55.556,24.691,37.037,99.099,7.407,0.0,36.329,104.389,-1.072,1.209,0.137,7.091,-0.546,0.153,-0.393,-0.428
Noah Penda,Le Mans Sarthe,LNB Elite,fr,29,866.667,5.111,11.556,0.44,1.444,4.667,0.304,3.667,6.778,0.534,3.556,5.222,0.693,2.222,5.333,7.556,3.889,2.0,0.556,2.556,3.111,15.222,0.549,0.404,0.452,16.409,30.504,10.328,16.524,14.046,95.628,3.718,8.961,92.768,100.556,0.845,1.244,2.089,10.642,-0.015,2.294,2.28,0.105
Kristaps Porzingis,Sevilla,Liga ACB,es,34,818.889,7.444,15.778,0.471,1.333,4.333,0.313,6.111,11.444,0.531,3.556,4.556,0.774,3.0,5.889,8.889,0.778,1.667,1.778,2.444,5.333,19.778,0.556,0.275,0.289,20.227,46.656,17.3,22.639,20.504,14.228,3.844,21.948,97.781,100.3,0.983,2.022,3.005,10.773,0.022,2.219,2.242,0.11
Zaccharie Risacher,Bourg,LNB Élite,fr,32,781.111,6.0,13.556,0.439,2.111,6.111,0.352,3.778,7.444,0.511,4.222,5.667,0.74,2.222,4.778,6.889,1.667,1.556,0.444,2.444,4.333,18.333,0.571,0.451,0.418,18.493,42.09,12.644,18.123,15.679,36.232,3.54,6.26,99.135,102.478,1.137,1.061,2.198,10.67,0.031,2.053,2.083,0.107
Rayan Rupert,New Zealand,NBL,au,20,437.778,4.778,13.111,0.364,1.222,4.889,0.25,3.556,8.222,0.432,2.667,3.778,0.703,1.333,3.667,5.0,1.889,1.667,0.333,2.333,4.0,13.444,0.455,0.373,0.288,17.107,43.418,8.46,15.51,12.69,48.851,4.23,4.831,78.592,102.233,0.336,0.874,1.21,10.723,-0.112,1.194,1.082,0.099
Tidjane Salaun,Cholet,LNB Élite,fr,33,831.111,5.222,13.889,0.373,2.444,7.444,0.329,2.778,6.444,0.425,3.0,3.889,0.767,2.444,4.667,7.111,1.778,2.0,0.444,2.667,4.444,15.778,0.506,0.536,0.28,18.267,40.294,13.48,17.157,15.686,43.011,4.412,6.13,86.375,101.422,0.851,1.25,2.101,10.537,-0.063,2.2,2.137,0.103
Gui Santos,Brazil,Paris 2024,fr,3,96.667,3.222,8.778,0.368,1.889,4.556,0.4,1.333,4.111,0.333,1.889,2.778,0.667,2.778,2.333,5.111,2.778,1.889,0.889,1.889,4.556,10.111,0.506,0.519,0.316,11.889,20.498,11.973,6.705,8.812,94.697,3.257,17.957,85.047,100.956,0.251,0.525,0.776,13.862,-0.047,0.381,0.333,0.138
Ben Saraf,Kiryat Ata,IBSL,il,22,557.778,6.667,17.0,0.388,1.556,5.556,0.286,5.0,11.444,0.438,4.0,5.778,0.694,1.222,4.556,5.778,6.333,1.778,0.444,2.889,4.222,18.778,0.48,0.327,0.34,22.431,49.152,6.695,16.637,12.66,126.667,3.896,5.138,83.713,101.867,1.489,1.075,2.565,10.974,-0.101,1.506,1.404,0.101
Alex Sarr,Perth,NBL,au,24,457.778,8.667,16.556,0.52,1.333,4.556,0.298,7.333,12.0,0.605,3.889,5.444,0.714,3.333,6.889,10.222,2.0,1.111,3.111,2.556,3.222,22.556,0.595,0.275,0.329,21.507,62.641,24.272,33.441,29.773,32.258,3.236,36.818,104.877,98.233,1.525,3.086,4.611,11.769,0.085,1.356,1.441,0.126
Dennis Schroder,Germany,FIBA,0,5,36.444,6.444,15.556,0.414,2.222,4.667,0.476,4.222,10.889,0.388,6.667,8.222,0.811,0.889,4.222,5.111,10.444,1.556,0.222,3.778,1.556,21.778,0.568,0.3,0.529,22.951,174.932,16.938,53.636,38.957,214.612,11.856,2.778,94.888,101.489,2.214,3.813,6.028,30.305,-0.001,0.18,0.179,0.196
Alperen Sengun,Beşiktaş,BSL,tr,29,912.222,9.889,15.333,0.646,0.222,1.0,0.19,9.667,14.222,0.679,7.111,8.778,0.812,5.778,7.444,13.222,3.556,1.889,2.333,3.333,4.333,27.111,0.706,0.065,0.572,22.529,39.789,25.511,21.913,23.352,51.282,3.336,29.536,120.339,98.244,1.924,2.32,4.244,11.239,0.228,2.492,2.72,0.119
Nolan Traore,Saint-Quentin BB,LNB Élite,fr,7,152.222,7.333,19.889,0.368,1.444,5.889,0.25,5.889,14.0,0.417,5.0,8.222,0.607,0.889,2.0,2.889,11.111,0.556,1.222,6.444,5.556,21.0,0.447,0.296,0.413,29.951,76.517,5.677,8.516,7.38,205.761,1.419,12.284,70.114,104.189,1.639,0.003,1.642,12.869,-0.298,0.469,0.171,0.045
Luke Travers,Melbourne,NBL,au,25,731.111,6.889,13.333,0.516,1.0,3.111,0.327,5.889,10.111,0.575,3.444,5.222,0.671,2.667,8.889,11.556,2.889,1.556,1.556,2.0,2.0,18.222,0.583,0.233,0.392,17.631,33.494,12.665,28.144,21.952,56.277,2.955,22.222,103.353,99.311,1.03,2.307,3.337,11.049,0.059,1.983,2.042,0.112
Jonas Valanciunas,Rytas,Euroleague,eu,15,256.667,8.0,11.222,0.708,0.0,0.0,0.0,8.0,11.222,0.708,4.0,4.556,0.885,4.667,10.444,15.111,0.556,0.556,1.778,3.667,8.0,19.889,0.752,0.0,0.406,16.893,54.848,37.879,56.518,49.062,9.579,1.804,29.385,117.732,104.411,0.317,4.066,4.383,13.558,0.154,0.758,0.912,0.142
Tristan Vukcevic,Partizan,ABA,0,22,362.222,8.0,13.778,0.58,2.222,5.556,0.4,5.778,8.222,0.701,3.667,4.556,0.811,2.111,6.556,8.556,2.778,1.333,1.333,3.111,5.889,21.889,0.693,0.403,0.331,18.893,63.751,17.808,36.867,28.868,47.893,4.499,18.519,115.855,102.211,1.599,2.783,4.382,12.163,0.158,1.039,1.196,0.132
Nikola Vucevic,Budućnost,Eurocup,eu,4,126.667,9.444,18.556,0.509,1.0,3.556,0.3,8.444,15.111,0.558,3.556,4.556,0.769,2.111,7.667,9.778,0.667,1.0,2.444,0.667,3.111,23.556,0.573,0.192,0.246,21.227,37.24,9.259,22.417,17.154,10.0,1.754,26.144,110.972,99.656,1.767,1.871,3.639,16.316,0.136,0.489,0.624,0.197
Victor Wembanyama,Paris,LNB Pro A,fr,34,1213.333,9.333,19.889,0.47,1.667,6.222,0.275,7.667,13.556,0.561,6.556,7.889,0.828,2.444,10.556,13.0,3.0,0.889,3.778,3.333,2.556,26.889,0.576,0.313,0.397,26.693,41.556,9.514,27.388,20.238,45.455,1.384,37.968,100.733,97.256,2.196,2.735,4.931,10.799,0.061,3.267,3.328,0.11
Guerschon Yabusele,Rouen,LNB Pro A,fr,34,1083.333,6.0,11.0,0.539,1.111,2.556,0.426,4.889,8.556,0.572,3.111,4.0,0.765,3.556,6.0,9.556,1.444,1.556,0.667,2.222,3.444,16.0,0.627,0.232,0.364,14.982,26.123,15.499,17.436,16.661,31.401,2.712,11.204,106.793,101.633,0.477,1.095,1.572,10.585,0.071,2.819,2.89,0.107
Yang Hansen,Qingdao,CBA,cn,45,1638.889,8.0,13.556,0.586,0.444,1.333,0.333,7.556,12.222,0.613,4.0,5.889,0.671,3.778,9.0,12.889,3.667,1.222,3.222,3.667,3.778,20.333,0.63,0.098,0.434,19.813,30.224,14.407,22.881,19.661,63.218,1.864,45.383,102.624,98.033,0.904,2.353,3.257,10.553,0.06,4.319,4.38,0.107
Rocco Zikarsky,Brisbane,NBL,au,18,236.667,6.222,11.778,0.524,0.222,0.889,0.2,6.0,10.889,0.552,3.0,5.222,0.571,5.444,6.222,11.667,0.889,1.111,2.111,2.111,4.111,15.556,0.553,0.075,0.443,16.187,68.394,57.512,43.818,49.296,18.779,4.695,33.51,96.101,100.478,0.131,3.517,3.648,12.718,0.007,0.753,0.76,0.128
Dario Saric,Anadolu Efes,Euroleague,eu,24,598.889,7.667,15.333,0.5,2.111,5.333,0.403,5.444,9.889,0.552,3.444,3.667,0.939,2.667,7.556,10.222,2.556,0.889,0.778,2.667,4.556,20.889,0.616,0.348,0.239,19.613,43.666,14.842,28.035,22.758,45.635,1.979,9.845,106.504,103.656,1.428,1.587,3.016,11.241,0.09,1.581,1.671,0.112
