,PLAYER_ID,SEASON_ID,LEAGUE_ID,ORGANIZATION_ID,SCHOOL_NAME,PLAYER_AGE,GP,GS,MIN,FGM,FGA,FG_PCT,FG3M,FG3A,FG3_PCT,FTM,FTA,FT_PCT,OREB,DREB,REB,AST,STL,BLK,TOV,PF,PTS
0,1630173,2019-20,00,3581,Memphis,20.0,31,31,945,182,369,0.493,13,40,0.325,112,187,0.599,93,241,334,30,34,58,87,73,489
1,203500,2012-13,00,3487,Pittsburgh,19.0,32,32,749,100,175,0.571,0,0,,31,70,0.443,90,113,203,20,21,65,35,52,231
2,1628389,2016-17,00,2852,Kentucky,19.0,38,38,1145,170,284,0.599,0,1,0.0,154,236,0.653,118,186,304,32,26,57,64,99,494
3,1630534,2021-22,00,2828,Kansas,22.0,39,39,1367,258,543,0.475,103,252,0.409,113,152,0.743,32,165,197,62,36,22,80,65,732
4,1630534,2020-21,00,2828,Kansas,21.0,30,30,1009,147,350,0.42,78,206,0.379,51,74,0.689,29,81,110,56,33,14,41,55,423
5,1630534,2019-20,00,2828,Kansas,20.0,31,31,1033,115,269,0.428,46,136,0.338,33,49,0.673,36,93,129,62,38,8,58,58,309
6,1630534,2018-19,00,2828,Kansas,19.0,22,16,568,70,156,0.449,23,75,0.307,25,36,0.694,21,80,101,20,10,12,30,43,188
7,1630583,2020-21,00,2947,Loyola-Maryland,20.0,17,17,595,135,263,0.513,32,87,0.368,59,86,0.686,31,141,172,39,17,29,55,32,361
8,1630583,2019-20,00,2947,Loyola-Maryland,19.0,10,9,304,61,133,0.459,13,60,0.217,17,33,0.515,15,61,76,21,9,17,23,23,152
9,1641725,2022-23,00,3160,Creighton,20.0,37,37,1190,169,378,0.447,66,161,0.41,98,119,0.824,12,144,156,96,40,17,55,64,502
10,1641725,2021-22,00,3160,Creighton,19.0,35,13,933,89,211,0.422,18,64,0.281,63,77,0.818,10,121,131,86,25,10,64,68,259
11,1629638,2018-19,00,3666,Virginia Tech,20.0,34,34,1167,190,401,0.474,58,155,0.374,112,144,0.778,16,123,139,135,64,18,97,78,550
12,1629638,2017-18,00,3666,Virginia Tech,19.0,33,33,840,124,276,0.449,58,148,0.392,46,63,0.73,23,104,127,49,28,18,52,49,352
13,1628960,2017-18,00,3111,Duke,22.0,37,37,1319,181,433,0.418,102,276,0.37,108,127,0.85,20,103,123,172,64,2,79,79,572
14,1628960,2016-17,00,3111,Duke,21.0,34,25,1007,141,357,0.395,81,222,0.365,129,159,0.811,23,104,127,119,26,2,74,78,492
15,1628960,2015-16,00,3111,Duke,20.0,36,35,1317,239,513,0.466,90,216,0.417,211,252,0.837,24,141,165,127,47,5,72,98,779
16,1628960,2014-15,00,3111,Duke,19.0,34,0,322,45,106,0.425,18,52,0.346,45,53,0.849,9,26,35,14,10,5,15,42,153
17,1628386,2016-17,00,3601,Texas,19.0,33,33,1061,179,316,0.566,0,7,0.0,84,149,0.564,100,179,279,26,19,51,84,68,442
18,1630631,2020-21,00,2664,Georgia Tech,23.0,26,26,965,141,280,0.504,46,118,0.39,67,80,0.838,19,71,90,106,74,1,53,59,395
19,1630631,2019-20,00,2664,Georgia Tech,22.0,24,23,805,119,268,0.444,42,125,0.336,65,82,0.793,9,73,82,96,50,2,64,69,345
20,1630631,2018-19,00,2664,Georgia Tech,21.0,31,30,1062,132,337,0.392,44,154,0.286,78,105,0.743,21,99,120,105,56,3,64,79,386
21,1630631,2017-18,00,2664,Georgia Tech,20.0,25,25,874,99,221,0.448,40,108,0.37,65,81,0.802,15,78,93,77,43,2,59,60,303
22,203937,2013-14,00,2535,California-Los Angeles,20.0,36,36,1196,181,377,0.48,28,58,0.483,137,186,0.737,45,270,315,233,64,27,110,60,527
23,203937,2012-13,00,2535,California-Los Angeles,19.0,35,34,1046,122,293,0.416,8,38,0.211,86,117,0.735,74,228,302,122,62,31,73,72,338
24,1630175,2019-20,00,3104,North Carolina,20.0,22,20,768,131,345,0.38,49,141,0.348,96,128,0.75,10,115,125,87,29,6,77,64,407
25,1628384,2016-17,00,2783,Indiana,19.0,16,16,402,68,122,0.557,14,45,0.311,27,48,0.563,28,59,87,23,21,21,26,33,177
26,1628384,2015-16,00,2783,Indiana,18.0,34,34,466,66,116,0.569,13,29,0.448,20,42,0.476,42,48,90,18,27,26,28,52,165
27,1630166,2019-20,00,3870,Maccabi Tel Aviv B.C. (Israel),19.0,26,5,371,41,94,0.436,13,47,0.277,10,18,0.556,15,53,68,30,10,6,19,52,105
28,1630166,2018-19,00,3870,Maccabi Tel Aviv B.C. (Israel),18.0,8,0,51,12,27,0.444,5,10,0.5,2,2,1.0,4,8,12,2,1,0,1,7,31
29,1629028,2017-18,00,2507,Arizona,19.0,35,35,1172,276,451,0.612,12,35,0.343,140,191,0.733,118,287,405,57,20,66,69,81,704
30,1628963,2017-18,00,3111,Duke,19.0,33,32,1118,270,440,0.614,23,58,0.397,131,209,0.627,132,234,366,50,27,29,75,60,694
31,1630163,2019-20,00,3940,Illawarra (Australia),18.0,12,12,375,75,200,0.375,20,80,0.25,34,47,0.723,23,68,91,82,19,1,30,31,204
32,1630163,2017-18,00,3941,Vytautas Prienu (Lithuania),16.0,8,1,102,15,56,0.268,8,32,0.25,14,19,0.737,4,5,9,19,6,1,10,15,52
33,1628366,2016-17,00,2535,California-Los Angeles,19.0,36,36,1263,189,343,0.551,80,194,0.412,66,98,0.673,33,183,216,274,66,28,89,65,524
34,1631094,2021-22,00,3111,Duke,19.0,39,39,1286,245,513,0.478,44,130,0.338,137,188,0.729,68,236,304,124,41,36,92,75,671
35,1630217,2019-20,00,3619,Texas Christian,22.0,32,32,1153,197,436,0.452,92,208,0.442,45,57,0.789,46,158,204,124,47,17,74,70,531
36,1630217,2018-19,00,3619,Texas Christian,21.0,37,37,1315,215,428,0.502,68,160,0.425,65,75,0.867,49,162,211,89,42,20,49,86,563
37,1630217,2017-18,00,3619,Texas Christian,20.0,33,32,1005,145,269,0.539,59,128,0.461,64,82,0.78,15,119,134,82,31,8,58,76,413
38,1630217,2016-17,00,3619,Texas Christian,19.0,39,13,807,102,198,0.515,30,79,0.38,43,56,0.768,27,86,113,38,12,9,39,74,277
39,203084,2011-12,00,3104,North Carolina,20.0,38,37,1111,229,521,0.44,49,137,0.358,141,195,0.723,74,124,198,43,41,13,74,68,648
40,203084,2010-11,00,3104,North Carolina,19.0,37,36,1087,210,497,0.423,67,195,0.344,93,124,0.75,75,141,216,53,27,16,72,72,580
41,1629628,2018-19,00,3111,Duke,19.0,38,38,1341,319,702,0.454,73,237,0.308,149,224,0.665,59,229,288,164,34,16,123,70,860
42,1629646,2020-21,00,2846,Western Kentucky,20.0,28,28,851,194,329,0.59,18,59,0.305,88,116,0.759,92,233,325,19,11,87,62,67,494
43,1629646,2019-20,00,2846,Western Kentucky,19.0,10,10,281,57,107,0.533,2,12,0.167,37,47,0.787,28,64,92,13,8,16,23,27,153
44,1629646,2018-19,00,2846,Western Kentucky,18.0,34,34,1067,188,300,0.627,9,20,0.45,110,143,0.769,99,241,340,24,27,81,97,88,495
45,203078,2011-12,00,2635,Florida,19.0,37,37,1267,175,393,0.445,63,186,0.339,133,173,0.769,50,199,249,83,51,31,79,76,546
46,1630180,2019-20,00,3502,Villanova,21.0,31,31,1052,175,367,0.477,79,175,0.451,70,91,0.769,40,107,147,74,24,12,46,77,499
47,1630180,2018-19,00,3502,Villanova,20.0,36,29,1067,109,238,0.458,49,131,0.374,29,45,0.644,74,109,183,46,31,12,28,78,296
48,1641710,2022-23,00,2494,Arkansas,19.0,36,36,1235,149,329,0.453,28,93,0.301,134,190,0.705,45,137,182,141,74,22,109,93,460
49,1641737,2022-23,00,2535,California-Los Angeles,20.0,34,32,754,104,154,0.675,0,0,,47,82,0.573,74,100,174,24,19,57,44,109,255
50,1626164,2014-15,00,2852,Kentucky,18.0,38,0,817,135,287,0.47,58,141,0.411,53,64,0.828,17,59,76,42,17,2,37,58,381
51,1628396,2016-17,00,3104,North Carolina,19.0,38,38,555,102,178,0.573,0,0,,65,105,0.619,98,97,195,23,10,22,25,69,269
52,1631103,2021-22,00,3346,Ohio State,19.0,32,31,949,160,321,0.498,37,89,0.416,80,96,0.833,25,89,114,64,23,9,54,56,437
53,1631128,2021-22,00,2828,Kansas,21.0,40,39,1378,207,418,0.495,51,132,0.386,99,135,0.733,56,205,261,111,39,33,81,73,564
54,1631128,2020-21,00,2828,Kansas,20.0,30,30,935,92,242,0.38,52,153,0.34,55,70,0.786,35,120,155,57,37,13,39,50,291
55,1631128,2019-20,00,2828,Kansas,19.0,31,5,569,56,130,0.431,32,72,0.444,19,26,0.731,21,69,90,15,21,7,13,41,163
56,1628969,2017-18,00,3502,Villanova,21.0,40,40,1286,244,475,0.514,104,239,0.435,114,134,0.851,54,157,211,77,61,43,54,86,706
57,1628969,2016-17,00,3502,Villanova,20.0,36,33,1073,128,233,0.549,44,112,0.393,51,56,0.911,41,123,164,71,60,32,46,82,351
58,1628969,2015-16,00,3502,Villanova,19.0,40,0,813,86,165,0.521,23,77,0.299,59,75,0.787,36,92,128,35,42,26,24,89,254
59,1628970,2017-18,00,2989,Michigan State,20.0,34,33,1067,209,457,0.457,71,195,0.364,93,109,0.853,43,194,237,92,21,26,67,53,582
60,1628970,2016-17,00,2989,Michigan State,19.0,28,27,895,177,364,0.486,56,144,0.389,63,92,0.685,41,191,232,58,19,43,66,52,473
61,1628415,2016-17,00,3399,Oregon,21.0,35,35,886,206,422,0.488,57,142,0.401,95,126,0.754,35,78,113,95,38,18,72,97,564
62,1628415,2015-16,00,3399,Oregon,20.0,38,38,1247,231,492,0.47,48,142,0.338,125,155,0.806,77,129,206,119,40,15,89,112,635
63,1628415,2014-15,00,3399,Oregon,19.0,36,36,1020,150,329,0.456,28,83,0.337,85,103,0.825,62,114,176,65,18,20,73,111,413
64,1628971,2017-18,00,2630,Miami (FL),21.0,19,18,640,78,188,0.415,16,60,0.267,44,70,0.629,25,110,135,76,25,15,43,43,216
65,1628971,2016-17,00,2630,Miami (FL),20.0,33,28,1053,134,292,0.459,33,95,0.347,90,121,0.744,48,138,186,106,49,18,67,83,391
66,1627759,2015-16,00,2513,California,19.0,34,34,939,163,378,0.431,30,102,0.294,142,217,0.654,36,146,182,67,27,22,105,108,498
67,1641738,2022-23,00,3043,Missouri,23.0,34,34,1003,194,351,0.553,51,112,0.455,99,125,0.792,61,155,216,85,50,15,56,84,538
68,1641738,2021-22,00,3043,Missouri,22.0,33,33,988,149,310,0.481,14,68,0.206,101,127,0.795,70,181,251,81,40,28,77,101,413
69,1641738,2020-21,00,3043,Missouri,21.0,26,26,554,81,172,0.471,16,64,0.25,31,57,0.544,46,116,162,22,15,10,34,72,209
70,1641738,2019-20,00,3043,Missouri,20.0,30,26,544,63,157,0.401,19,75,0.253,29,39,0.744,32,80,112,16,29,11,39,59,174
71,1628973,2017-18,00,3502,Villanova,21.0,40,40,1272,270,518,0.521,86,211,0.408,130,162,0.802,12,110,122,184,37,1,71,78,756
72,1628973,2016-17,00,3502,Villanova,20.0,36,36,1120,183,338,0.541,42,111,0.378,120,137,0.876,17,76,93,148,32,0,74,59,528
73,1628973,2015-16,00,3502,Villanova,19.0,40,39,959,126,279,0.452,49,128,0.383,82,106,0.774,18,52,70,100,28,0,72,72,383
74,1628418,2016-17,00,2783,Indiana,19.0,34,34,954,148,285,0.519,23,60,0.383,108,148,0.73,76,150,226,50,26,52,78,104,427
75,1628418,2015-16,00,2783,Indiana,18.0,35,35,791,157,230,0.683,5,15,0.333,96,136,0.706,70,132,202,34,17,32,58,99,415
76,202710,2010-11,00,3742,Marquette,21.0,37,35,1282,187,382,0.49,20,58,0.345,188,240,0.783,90,135,225,86,53,13,54,49,582
77,202710,2009-10,00,3742,Marquette,20.0,34,34,1165,148,279,0.53,16,32,0.5,187,244,0.766,82,134,216,68,45,21,39,68,499
78,202710,2008-09,00,3742,Marquette,19.0,35,0,687,55,107,0.514,0,4,0.0,86,112,0.768,75,63,138,26,17,16,17,66,196
79,203484,2012-13,00,2660,Georgia,20.0,32,32,1086,186,430,0.433,84,225,0.373,135,169,0.799,37,189,226,58,65,17,64,70,591
80,203484,2011-12,00,2660,Georgia,19.0,32,31,1028,152,384,0.396,65,214,0.304,53,81,0.654,45,121,166,39,58,11,36,69,422
81,1641739,2022-23,00,3347,Dayton,23.0,34,34,1020,178,326,0.546,29,80,0.363,89,133,0.669,79,215,294,59,42,28,71,89,474
82,1641739,2021-22,00,3347,Dayton,22.0,34,34,921,147,288,0.51,22,65,0.338,55,93,0.591,61,172,233,54,28,26,89,91,371
83,1641739,2020-21,00,2660,Georgia,21.0,25,25,712,120,247,0.486,15,57,0.263,64,103,0.621,59,134,193,39,30,28,61,76,319
84,1641739,2019-20,00,2660,Georgia,20.0,32,23,767,80,162,0.494,5,29,0.172,45,72,0.625,56,82,138,21,19,18,52,87,210
85,1628975,2017-18,00,3769,West Virginia,22.0,37,37,1281,215,509,0.422,77,196,0.393,133,155,0.858,29,143,172,246,112,13,98,111,640
86,1628975,2016-17,00,3769,West Virginia,21.0,37,36,1184,166,378,0.439,72,185,0.389,96,124,0.774,38,146,184,137,92,9,67,95,500
87,1628975,2015-16,00,3769,West Virginia,20.0,35,35,970,111,290,0.383,44,144,0.306,67,90,0.744,25,75,100,114,59,9,58,85,333
88,1628975,2014-15,00,3769,West Virginia,19.0,35,4,832,95,264,0.36,48,153,0.314,47,61,0.77,39,43,82,62,67,3,41,67,285
89,1628976,2017-18,00,3111,Duke,19.0,37,37,997,179,319,0.561,19,46,0.413,124,168,0.738,109,226,335,74,30,76,75,105,501
90,1630658,2022-23,00,2635,Florida,23.0,26,26,810,150,300,0.5,2,15,0.133,113,155,0.729,47,154,201,71,24,78,66,55,415
91,1630658,2021-22,00,2635,Florida,22.0,28,28,859,172,315,0.546,0,9,0.0,109,155,0.703,87,166,253,43,24,62,61,56,453
92,1630658,2020-21,00,2635,Florida,21.0,24,21,617,111,186,0.597,0,1,0.0,75,96,0.781,59,94,153,26,13,54,46,52,297
93,1630658,2019-20,00,2983,Michigan,20.0,25,0,197,27,50,0.54,0,4,0.0,24,29,0.828,18,42,60,8,3,13,13,19,78
94,1630658,2018-19,00,2983,Michigan,19.0,19,0,65,9,22,0.409,0,3,0.0,3,9,0.333,8,13,21,1,1,4,5,14,21
95,1630577,2021-22,00,3301,St. John's (NY),21.0,31,31,1062,221,534,0.414,65,193,0.337,89,114,0.781,42,164,206,63,61,35,46,47,596
96,1630577,2020-21,00,3301,St. John's (NY),20.0,25,24,822,166,383,0.433,60,158,0.38,102,115,0.887,41,143,184,33,36,25,47,44,494
97,1630577,2019-20,00,3301,St. John's (NY),19.0,32,26,817,121,267,0.453,24,77,0.312,52,69,0.754,57,151,208,24,39,26,38,54,318
98,1630551,2020-21,00,3487,Pittsburgh,20.0,20,19,688,134,281,0.477,23,74,0.311,69,97,0.711,67,154,221,31,24,25,30,35,360
99,1630551,2019-20,00,3487,Pittsburgh,19.0,33,27,1085,153,363,0.421,33,126,0.262,80,103,0.777,73,159,232,22,36,28,33,75,419
100,1631108,2021-22,00,2989,Michigan State,19.0,35,35,1078,112,293,0.382,39,123,0.317,61,74,0.824,30,91,121,51,18,17,52,39,324
101,1630619,2020-21,00,3581,Memphis,18.0,28,28,521,80,145,0.552,0,1,0.0,24,74,0.324,63,113,176,13,8,46,44,66,184
102,1641740,2022-23,00,2535,California-Los Angeles,21.0,31,29,915,148,308,0.481,26,79,0.329,67,96,0.698,58,123,181,56,78,8,37,64,389
103,1641740,2021-22,00,2535,California-Los Angeles,20.0,29,6,525,81,160,0.506,7,27,0.259,26,48,0.542,45,65,110,30,33,5,20,56,195
104,1641740,2020-21,00,2535,California-Los Angeles,19.0,31,0,278,29,58,0.5,2,10,0.2,18,24,0.75,31,44,75,6,4,5,12,33,78
105,1629634,2018-19,00,3722,Gonzaga,22.0,37,36,1040,257,374,0.687,4,15,0.267,109,157,0.694,114,203,317,69,43,114,57,79,627
106,1629634,2016-17,00,2560,San Jose State,20.0,30,30,957,219,370,0.592,1,3,0.333,79,138,0.572,89,172,261,69,35,75,53,78,518
107,1629634,2015-16,00,2560,San Jose State,19.0,31,3,728,109,172,0.634,1,6,0.167,55,98,0.561,65,109,174,46,22,39,34,54,274
108,203903,2013-14,00,3043,Missouri,22.0,35,35,1228,209,468,0.447,32,114,0.281,162,195,0.831,28,106,134,118,38,6,93,76,612
109,203903,2011-12,00,3395,Tulsa,20.0,31,31,1052,167,384,0.435,43,115,0.374,134,171,0.784,35,85,120,79,29,17,83,73,511
110,203903,2010-11,00,3395,Tulsa,19.0,27,9,672,97,224,0.433,20,66,0.303,96,121,0.793,11,45,56,52,20,3,78,62,310
111,1629651,2018-19,00,2660,Georgia,20.0,32,32,1011,137,298,0.46,18,64,0.281,123,192,0.641,72,202,274,58,34,81,67,90,415
112,1629651,2017-18,00,2660,Georgia,19.0,33,5,485,44,98,0.449,8,22,0.364,34,65,0.523,55,74,129,6,5,42,24,57,130
113,1641730,2022-23,00,2486,Alabama,18.0,36,36,914,123,253,0.486,34,120,0.283,72,111,0.649,75,210,285,30,21,34,46,90,352
114,1629599,2018-19,00,3019,Minnesota,22.0,36,35,1268,198,454,0.436,41,135,0.304,162,219,0.74,25,106,131,115,33,8,83,54,599
115,1629599,2017-18,00,3019,Minnesota,21.0,18,18,569,87,183,0.475,21,57,0.368,57,83,0.687,17,56,73,60,13,5,35,36,252
116,1629599,2016-17,00,3019,Minnesota,20.0,33,33,1097,131,292,0.449,32,95,0.337,110,146,0.753,23,104,127,102,35,5,64,57,404
117,201144,2006-07,00,3346,Ohio State,19.0,39,39,1231,160,309,0.518,21,69,0.304,100,144,0.694,27,107,134,238,87,10,86,60,441
118,1626192,2014-15,00,2806,Notre Dame,22.0,38,38,1351,166,356,0.466,93,220,0.423,50,64,0.781,41,241,282,57,27,36,44,75,475
119,1626192,2013-14,00,2806,Notre Dame,21.0,32,32,1190,155,343,0.452,76,201,0.378,55,66,0.833,38,189,227,95,33,18,35,57,441
120,1626192,2012-13,00,2806,Notre Dame,20.0,35,35,1123,109,245,0.445,58,154,0.377,34,48,0.708,25,139,164,75,16,12,31,54,310
121,1626192,2011-12,00,2806,Notre Dame,19.0,34,18,820,85,201,0.423,41,120,0.342,28,37,0.757,33,117,150,30,17,5,24,46,239
122,1630536,2020-21,00,2467,Auburn,20.0,12,12,396,72,184,0.391,13,57,0.228,85,103,0.825,8,43,51,97,12,3,50,32,242
123,1630595,2020-21,00,3392,Oklahoma State,19.0,27,26,958,175,400,0.438,62,155,0.4,132,156,0.846,19,148,167,94,43,21,109,67,544
124,201939,2008-09,00,3110,Davidson,21.0,34,34,1145,312,687,0.454,130,336,0.387,220,251,0.876,21,130,151,189,86,8,126,81,974
125,201939,2007-08,00,3110,Davidson,20.0,36,36,1193,317,656,0.483,162,369,0.439,135,151,0.894,28,137,165,104,73,14,93,85,931
126,201939,2006-07,00,3110,Davidson,19.0,34,33,1049,242,523,0.463,122,299,0.408,124,145,0.855,32,125,157,95,62,6,95,87,730
127,203076,2011-12,00,2852,Kentucky,19.0,40,40,1281,210,337,0.623,3,20,0.15,144,203,0.709,119,296,415,50,54,186,41,78,567
128,1631120,2021-22,00,2486,Alabama,19.0,33,6,852,99,214,0.463,25,83,0.301,59,81,0.728,36,121,157,143,32,12,95,41,282
129,201942,2008-09,00,2534,Southern California,19.0,35,35,1168,192,367,0.523,6,36,0.167,95,147,0.646,84,117,201,51,31,13,73,73,485
130,1628978,2017-18,00,3502,Villanova,21.0,40,10,1171,188,391,0.481,85,212,0.401,76,107,0.71,46,144,190,139,42,8,79,83,537
131,1628978,2016-17,00,3502,Villanova,20.0,36,1,919,109,234,0.466,42,115,0.365,58,83,0.699,37,100,137,61,33,10,52,58,318
132,1628978,2015-16,00,3502,Villanova,19.0,9,1,74,6,21,0.286,3,17,0.176,0,0,,10,6,16,4,4,0,7,10,15
133,1631217,2021-22,00,2983,Michigan,20.0,32,26,795,117,216,0.542,3,14,0.214,52,84,0.619,76,115,191,26,11,28,47,86,289
134,1641711,2022-23,00,2828,Kansas,19.0,36,36,1178,174,394,0.442,83,206,0.403,76,89,0.854,40,145,185,60,52,9,45,76,507
135,1630621,2020-21,00,2983,Michigan,20.0,28,23,729,156,261,0.598,0,4,0.0,82,111,0.739,61,145,206,25,9,40,64,71,394
136,1629029,2017-18,00,3890,Real Madrid Baloncesto (Spain),19.0,73,54,1835,323,718,0.45,108,348,0.31,281,356,0.789,69,318,387,330,81,27,159,120,1035
137,1629029,2016-17,00,3890,Real Madrid Baloncesto (Spain),18.0,80,35,1613,208,469,0.443,76,228,0.333,139,172,0.808,79,283,362,290,58,18,146,103,631
138,1629029,2015-16,00,3890,Real Madrid Baloncesto (Spain),17.0,55,8,668,73,146,0.5,25,68,0.368,54,73,0.74,25,110,135,96,20,16,68,83,225
139,1629652,2018-19,00,2506,Arizona State,20.0,34,33,1072,174,430,0.405,54,176,0.307,145,207,0.7,44,101,145,79,52,7,99,102,547
140,1630245,2020-21,00,2737,Illinois,21.0,28,28,983,210,430,0.488,32,82,0.39,112,143,0.783,31,146,177,147,31,6,93,58,564
141,1630245,2019-20,00,2737,Illinois,20.0,30,30,1006,196,405,0.484,29,98,0.296,77,102,0.755,18,112,130,100,25,6,81,50,498
142,1630245,2018-19,00,2737,Illinois,19.0,32,32,994,163,375,0.435,50,142,0.352,66,95,0.695,23,105,128,104,40,8,72,64,442
143,203083,2011-12,00,2609,Connecticut,18.0,34,30,967,157,292,0.538,0,2,0.0,26,88,0.295,114,143,257,15,28,92,52,75,340
144,1627739,2015-16,00,3517,Providence,22.0,33,31,1088,184,411,0.448,42,113,0.372,132,190,0.695,36,140,176,206,82,20,116,93,542
145,1627739,2014-15,00,3517,Providence,21.0,33,33,1123,185,390,0.474,27,77,0.351,118,172,0.686,28,152,180,247,90,10,138,101,515
146,1627739,2013-14,00,3517,Providence,20.0,4,0,106,6,19,0.316,0,2,0.0,3,3,1.0,1,9,10,21,7,1,14,9,15
147,1627739,2012-13,00,3517,Providence,19.0,25,18,681,49,123,0.398,4,14,0.286,40,58,0.69,41,79,120,79,29,7,49,77,142
148,201142,2006-07,00,3601,Texas,18.0,35,35,1255,306,647,0.473,82,203,0.404,209,256,0.816,106,284,390,46,66,67,99,71,903
149,1631105,2021-22,00,3581,Memphis,18.0,29,29,734,141,236,0.597,0,1,0.0,65,104,0.625,86,150,236,37,24,61,65,79,347
150,1631106,2021-22,00,2863,Louisiana State,21.0,33,4,834,190,365,0.521,28,78,0.359,151,188,0.803,75,143,218,33,64,36,73,91,559
151,1631106,2020-21,00,3338,Cincinnati,20.0,23,8,450,67,145,0.462,7,29,0.241,27,47,0.574,52,84,136,30,27,29,50,60,168
152,1641744,2022-23,00,2815,Purdue,21.0,34,34,1079,290,478,0.607,0,0,,177,241,0.734,186,252,438,52,8,72,77,56,757
153,1641744,2021-22,00,2815,Purdue,20.0,37,33,701,210,324,0.648,0,0,,113,174,0.649,117,168,285,44,9,46,64,74,533
154,1641744,2020-21,00,2815,Purdue,19.0,28,2,410,89,149,0.597,0,0,,65,91,0.714,48,76,124,10,4,30,38,64,243
155,1630162,2019-20,00,2660,Georgia,18.0,32,32,1057,203,505,0.402,72,245,0.294,132,171,0.772,24,143,167,91,43,18,87,70,610
156,1631165,2021-22,00,2486,Alabama,22.0,33,33,1019,122,279,0.437,67,183,0.366,89,101,0.881,62,139,201,59,64,19,53,88,400
157,1631165,2020-21,00,2486,Alabama,21.0,32,7,560,60,119,0.504,21,54,0.389,34,47,0.723,29,100,129,34,35,14,34,65,175
158,203954,2013-14,00,2828,Kansas,20.0,28,28,647,107,171,0.626,0,6,0.0,98,143,0.685,,,227,39,25,73,67,95,308
159,1630623,2020-21,00,2842,Wichita State,21.0,22,22,744,105,283,0.371,65,166,0.392,84,111,0.757,13,61,74,55,21,2,26,34,359
160,1630623,2019-20,00,2842,Wichita State,20.0,31,17,763,85,226,0.376,62,160,0.388,60,75,0.8,12,53,65,43,36,3,26,60,292
161,1641787,2022-23,00,3201,Princeton,22.0,32,32,1006,187,363,0.515,11,34,0.324,97,148,0.655,53,148,201,158,24,18,94,72,482
162,1641787,2021-22,00,3201,Princeton,21.0,28,27,839,184,340,0.541,2,17,0.118,79,140,0.564,69,118,187,142,40,9,71,76,449
163,1641787,2019-20,00,3201,Princeton,19.0,26,19,371,41,78,0.526,4,15,0.267,16,31,0.516,7,41,48,23,13,9,27,35,102
164,1627827,2015-16,00,2635,Florida,23.0,36,36,1143,169,387,0.437,71,193,0.368,121,165,0.733,89,211,300,75,33,29,68,78,530
165,1627827,2014-15,00,2635,Florida,22.0,28,24,782,137,290,0.472,49,115,0.426,44,75,0.587,73,101,174,44,32,24,54,74,367
166,1627827,2013-14,00,2635,Florida,21.0,37,2,955,105,284,0.37,39,133,0.293,74,115,0.643,94,153,247,75,16,16,61,80,323
167,1627827,2011-12,00,3666,Virginia Tech,19.0,33,29,956,69,208,0.332,26,71,0.366,45,77,0.584,91,141,232,62,24,23,57,89,209
168,1628368,2016-17,00,2852,Kentucky,19.0,36,36,1064,214,448,0.478,17,69,0.246,156,211,0.739,20,122,142,165,53,7,87,90,601
169,1629655,2018-19,00,2494,Arkansas,20.0,32,32,918,214,324,0.66,0,0,,114,193,0.591,91,186,277,23,29,63,76,88,542
170,1629655,2017-18,00,2494,Arkansas,19.0,35,26,790,164,271,0.605,0,0,,85,161,0.528,76,140,216,24,19,76,37,114,413
171,1629636,2018-19,00,3590,Vanderbilt,19.0,5,5,139,29,54,0.537,11,23,0.478,12,16,0.75,2,17,19,13,4,2,15,7,81
172,1630568,2020-21,00,2714,Iowa,22.0,31,31,984,281,508,0.553,44,100,0.44,141,199,0.709,93,178,271,54,21,50,47,70,747
173,1630568,2019-20,00,2714,Iowa,21.0,31,31,991,287,530,0.542,39,109,0.358,127,195,0.651,111,194,305,36,26,55,57,78,740
174,1630568,2018-19,00,2714,Iowa,20.0,33,30,756,156,294,0.531,21,72,0.292,86,107,0.804,59,85,144,28,10,17,42,74,419
175,1630568,2017-18,00,2714,Iowa,19.0,33,26,715,146,262,0.557,16,46,0.348,92,135,0.681,79,132,211,35,11,32,35,80,400
176,1641718,2022-23,00,3654,Baylor,19.0,33,33,947,155,412,0.376,77,228,0.338,119,150,0.793,33,104,137,91,37,6,96,70,506
177,202331,2009-10,00,2522,Fresno State,20.0,29,29,962,154,363,0.424,59,167,0.353,120,132,0.909,55,155,210,88,64,24,94,84,487
178,202331,2008-09,00,2522,Fresno State,19.0,34,34,1176,166,353,0.47,63,141,0.447,92,132,0.697,63,149,212,63,59,34,79,92,487
179,1628983,2017-18,00,2852,Kentucky,19.0,37,24,1248,183,377,0.485,23,57,0.404,143,174,0.822,33,120,153,189,61,18,99,62,532
180,1631221,2021-22,00,3502,Villanova,23.0,38,38,1299,188,433,0.434,113,272,0.415,105,116,0.905,16,129,145,121,39,0,63,72,594
181,1631221,2020-21,00,3502,Villanova,22.0,20,20,668,89,208,0.428,41,109,0.376,60,72,0.833,12,53,65,92,19,0,32,31,279
182,1631221,2019-20,00,3502,Villanova,21.0,31,31,1059,155,382,0.406,70,196,0.357,89,109,0.817,6,108,114,138,38,2,60,70,469
183,1631221,2018-19,00,3502,Villanova,20.0,35,35,1030,114,279,0.409,74,195,0.379,78,93,0.839,12,71,83,97,39,2,52,93,380
184,1631221,2017-18,00,3502,Villanova,19.0,32,1,460,42,93,0.452,28,71,0.394,24,30,0.8,4,38,42,34,19,2,14,46,136
185,203932,2013-14,00,2507,Arizona,18.0,38,38,1187,189,382,0.495,16,45,0.356,76,180,0.422,102,201,303,75,34,39,55,90,470
186,201569,2007-08,00,2783,Indiana,19.0,32,32,1110,184,425,0.433,70,208,0.337,231,277,0.834,23,81,104,78,42,20,115,69,669
187,203924,2013-14,00,3320,Syracuse,20.0,32,20,1005,133,268,0.496,0,5,0.0,120,178,0.674,78,139,217,44,26,18,37,75,386
188,203924,2012-13,00,3320,Syracuse,19.0,40,9,572,54,117,0.462,6,15,0.4,41,73,0.562,46,72,118,18,17,17,26,54,155
189,1631260,2021-22,00,425,Fairview,22.0,31,31,1130,175,427,0.41,93,240,0.388,140,153,0.915,7,107,114,77,26,1,68,51,583
190,1631260,2020-21,00,425,Fairview,21.0,3,3,109,26,56,0.464,11,27,0.407,4,6,0.667,3,14,17,8,4,2,11,6,67
191,1631260,2019-20,00,425,Fairview,20.0,31,31,1080,204,490,0.416,91,233,0.391,111,121,0.917,7,85,92,92,21,0,90,46,610
192,1631260,2018-19,00,425,Fairview,19.0,34,34,1017,184,449,0.41,71,204,0.348,70,81,0.864,13,90,103,77,21,2,94,69,509
193,203110,2011-12,00,2989,Michigan State,22.0,37,36,1229,212,472,0.449,52,134,0.388,125,173,0.723,79,314,393,141,54,36,112,105,601
194,203110,2010-11,00,2989,Michigan State,21.0,34,28,1023,147,345,0.426,37,101,0.366,97,142,0.683,84,210,294,141,60,38,79,114,428
195,203110,2009-10,00,2989,Michigan State,20.0,37,3,945,139,265,0.525,2,16,0.125,86,128,0.672,81,205,286,112,45,34,62,111,366
196,203110,2008-09,00,2989,Michigan State,19.0,37,0,422,45,81,0.556,0,1,0.0,32,52,0.615,39,83,122,31,21,9,24,66,122
197,201145,2006-07,00,2620,Georgetown,20.0,37,37,1232,196,382,0.513,36,96,0.375,100,129,0.775,62,174,236,118,30,43,96,92,528
198,201145,2005-06,00,2620,Georgetown,19.0,33,33,1073,143,321,0.445,29,92,0.315,78,125,0.624,68,148,216,108,31,32,82,69,393
199,201145,2004-05,00,2620,Georgetown,18.0,32,32,1083,146,291,0.502,24,60,0.4,102,146,0.699,87,125,212,93,31,52,79,93,418
200,1630182,2019-20,00,2507,Arizona,19.0,30,30,928,122,288,0.424,30,83,0.361,85,109,0.78,39,98,137,78,46,13,49,73,359
201,1629656,2020-21,00,3623,Houston,21.0,30,30,982,173,426,0.406,100,248,0.403,89,113,0.788,48,123,171,59,42,9,55,66,535
202,1629656,2019-20,00,3623,Houston,20.0,30,21,837,127,287,0.443,42,129,0.326,68,103,0.66,20,91,111,77,24,6,70,68,364
203,1629656,2018-19,00,2828,Kansas,19.0,36,36,988,106,276,0.384,54,159,0.34,35,58,0.603,17,72,89,72,23,6,69,85,301
204,1631243,2022-23,00,3718,Washington State,20.0,33,33,1060,186,381,0.488,11,40,0.275,89,132,0.674,111,165,276,63,27,28,77,92,472
205,1631243,2021-22,00,3718,Washington State,19.0,35,33,768,109,222,0.491,7,25,0.28,33,67,0.493,71,110,181,17,29,33,35,94,258
206,1629060,2018-19,00,3722,Gonzaga,21.0,37,37,1117,275,465,0.591,15,36,0.417,164,222,0.739,52,188,240,56,35,27,68,74,729
207,1629060,2017-18,00,3722,Gonzaga,20.0,37,3,766,160,281,0.569,5,26,0.192,105,132,0.795,47,127,174,23,19,19,44,73,428
208,1629060,2016-17,00,3722,Gonzaga,19.0,28,0,127,28,53,0.528,4,14,0.286,13,24,0.542,12,26,38,2,6,4,8,16,73
209,1630169,2019-20,00,2700,Iowa State,20.0,22,22,807,123,244,0.504,52,124,0.419,37,45,0.822,32,97,129,142,54,15,61,28,335
210,1630169,2018-19,00,2700,Iowa State,19.0,35,34,1163,86,167,0.515,49,113,0.434,18,26,0.692,26,94,120,125,54,30,28,47,239
211,203501,2012-13,00,2983,Michigan,21.0,38,38,1324,201,460,0.437,73,195,0.374,77,111,0.694,9,168,177,93,26,17,71,73,552
212,203501,2011-12,00,2983,Michigan,20.0,34,34,1162,167,400,0.418,53,187,0.283,108,151,0.715,26,104,130,73,16,11,66,71,495
213,203501,2010-11,00,2983,Michigan,19.0,35,35,1074,159,379,0.42,76,207,0.367,91,119,0.765,27,106,133,59,34,5,45,68,485
214,201935,2008-09,00,2506,Arizona State,19.0,35,35,1254,221,452,0.489,58,163,0.356,204,270,0.756,48,147,195,148,59,11,118,99,704
215,201935,2007-08,00,2506,Arizona State,18.0,34,33,1158,196,372,0.527,44,108,0.407,169,224,0.754,44,135,179,110,73,19,89,72,605
216,1631199,2021-22,00,3198,Rutgers,22.0,32,32,1095,171,387,0.442,68,171,0.398,97,122,0.795,41,147,188,61,33,20,52,65,507
217,1631199,2020-21,00,3198,Rutgers,21.0,27,27,863,146,331,0.441,45,145,0.31,64,87,0.736,27,131,158,42,18,17,31,52,401
218,1631199,2019-20,00,3198,Rutgers,20.0,31,31,871,137,303,0.452,38,109,0.349,63,89,0.708,36,143,179,32,25,25,33,59,375
219,1631199,2018-19,00,3198,Rutgers,19.0,31,18,693,88,213,0.413,30,108,0.278,36,53,0.679,16,81,97,35,18,16,27,75,242
220,203914,2013-14,00,2989,Michigan State,19.0,35,34,1131,195,455,0.429,81,230,0.352,115,142,0.81,37,103,140,94,63,15,60,73,586
221,203914,2012-13,00,2989,Michigan State,18.0,34,33,1010,150,329,0.456,65,158,0.411,74,98,0.755,30,56,86,46,45,6,51,68,439
222,202699,2010-11,00,3575,Tennessee,18.0,34,33,993,185,402,0.46,23,76,0.303,128,170,0.753,67,180,247,44,24,29,62,70,521
223,1628404,2016-17,00,3502,Villanova,22.0,36,36,1194,236,463,0.51,74,183,0.404,127,170,0.747,51,179,230,106,56,10,71,81,673
224,1628404,2015-16,00,3502,Villanova,21.0,40,40,1255,230,448,0.513,55,154,0.357,103,137,0.752,74,196,270,77,46,10,66,87,618
225,1628404,2014-15,00,3502,Villanova,20.0,36,36,917,124,241,0.515,52,112,0.464,65,97,0.67,65,96,161,53,40,14,38,76,365
226,1628404,2013-14,00,3502,Villanova,19.0,34,34,727,87,174,0.5,26,83,0.313,65,96,0.677,62,89,151,30,19,9,19,83,265
227,1630573,2020-21,00,3670,Virginia,23.0,25,25,856,147,292,0.503,63,151,0.417,43,48,0.896,21,149,170,45,14,10,26,39,400
228,1630573,2018-19,00,3742,Marquette,21.0,34,34,1137,173,377,0.459,88,219,0.402,73,79,0.924,35,210,245,82,22,18,46,70,507
229,1630573,2017-18,00,3742,Marquette,20.0,35,35,1141,174,349,0.499,95,195,0.487,51,61,0.836,35,165,200,100,35,16,42,73,494
230,1630573,2016-17,00,3742,Marquette,19.0,32,28,847,97,205,0.473,63,139,0.453,24,29,0.828,29,130,159,42,25,19,22,80,281
231,1641722,2022-23,00,2609,Connecticut,21.0,37,37,1088,182,445,0.409,109,281,0.388,125,141,0.887,36,104,140,47,26,19,50,82,598
232,1641722,2021-22,00,2609,Connecticut,20.0,27,4,397,49,139,0.353,27,81,0.333,32,39,0.821,12,41,53,14,9,9,26,28,157
233,1629637,2018-19,00,3596,Texas-Arlington,19.0,32,21,747,123,169,0.728,0,0,,74,100,0.74,56,104,160,9,19,71,29,107,320
234,1641707,2022-23,00,2647,Central Florida,19.0,34,34,1177,184,385,0.478,61,155,0.394,86,110,0.782,80,157,237,46,31,59,48,68,515
235,1629639,2018-19,00,2852,Kentucky,19.0,37,37,1207,186,403,0.462,60,169,0.355,87,93,0.935,15,151,166,92,40,12,60,47,519
236,1627741,2015-16,00,3389,Oklahoma,23.0,37,37,1309,301,601,0.501,147,322,0.457,176,200,0.88,46,166,212,75,42,18,113,76,925
237,1627741,2014-15,00,3389,Oklahoma,22.0,35,35,1135,205,498,0.412,93,259,0.359,107,130,0.823,56,134,190,67,47,8,68,61,610
238,1627741,2013-14,00,3389,Oklahoma,21.0,33,32,1059,196,440,0.445,90,233,0.386,63,84,0.75,58,88,146,62,46,5,60,72,545
239,1627741,2012-13,00,3389,Oklahoma,20.0,27,13,679,81,209,0.388,19,80,0.238,30,36,0.833,49,64,113,50,33,7,44,50,211
240,1628988,2017-18,00,2535,California-Los Angeles,21.0,33,33,1244,212,460,0.461,88,205,0.429,159,192,0.828,17,104,121,192,42,8,125,87,671
241,1628988,2016-17,00,2535,California-Los Angeles,20.0,36,0,949,150,309,0.485,53,129,0.411,88,111,0.793,12,91,103,158,39,6,87,81,441
242,1628988,2015-16,00,2535,California-Los Angeles,19.0,32,32,1013,114,289,0.394,39,93,0.419,64,88,0.727,19,77,96,127,45,8,92,103,331
243,201950,2008-09,00,2535,California-Los Angeles,19.0,35,35,950,112,249,0.45,27,88,0.307,45,62,0.726,44,88,132,129,55,18,75,75,296
244,1641747,2022-23,00,3347,Dayton,20.0,34,34,1164,230,390,0.59,6,19,0.316,158,236,0.669,97,178,275,58,25,66,79,71,624
245,1641747,2021-22,00,3347,Dayton,19.0,35,35,1074,183,282,0.649,1,7,0.143,82,140,0.586,53,159,212,46,15,81,45,57,449
246,1631096,2021-22,00,3722,Gonzaga,20.0,32,31,860,170,280,0.607,41,105,0.39,71,99,0.717,57,260,317,61,26,117,61,85,452
247,201143,2006-07,00,2635,Florida,21.0,38,36,1057,186,306,0.608,0,3,0.0,130,202,0.644,96,264,360,82,28,70,68,94,502
248,201143,2005-06,00,2635,Florida,20.0,39,39,1011,177,291,0.608,0,2,0.0,88,144,0.611,86,209,295,77,40,68,74,97,442
249,201143,2004-05,00,2635,Florida,19.0,32,25,730,61,127,0.48,0,0,,57,98,0.582,72,137,209,28,26,51,31,79,179
250,1631216,2021-22,00,2983,Michigan,19.0,34,34,1090,109,284,0.384,60,169,0.355,65,83,0.783,27,108,135,46,25,8,52,57,343
251,1641724,2022-23,00,2983,Michigan,19.0,29,29,919,137,331,0.414,78,212,0.368,60,75,0.8,8,74,82,59,12,19,37,64,412
252,1628989,2017-18,00,2953,Maryland,19.0,32,32,1100,162,322,0.503,73,175,0.417,75,99,0.758,31,130,161,108,20,21,80,76,472
253,1628989,2016-17,00,2953,Maryland,18.0,33,33,971,111,264,0.42,65,175,0.371,20,28,0.714,22,141,163,88,32,23,46,60,307
254,1630643,2020-21,00,3670,Virginia,23.0,25,25,675,127,217,0.585,29,75,0.387,41,49,0.837,43,134,177,24,13,66,33,65,324
255,1630643,2019-20,00,3670,Virginia,22.0,30,18,748,105,184,0.571,19,53,0.358,27,50,0.54,57,129,186,24,11,61,32,72,256
256,1630643,2018-19,00,3670,Virginia,21.0,34,0,318,58,96,0.604,14,31,0.452,20,30,0.667,19,54,73,8,8,25,17,50,150
257,1630643,2017-18,00,3670,Virginia,20.0,12,0,106,17,25,0.68,2,7,0.286,5,8,0.625,6,17,23,4,1,14,4,14,41
258,1629631,2018-19,00,3670,Virginia,21.0,38,38,1234,205,394,0.52,46,105,0.438,123,157,0.783,52,141,193,75,22,22,52,76,579
259,1629631,2017-18,00,3670,Virginia,20.0,33,0,657,104,213,0.488,21,55,0.382,74,98,0.755,38,79,117,36,19,13,31,60,303
260,1630538,2020-21,00,3694,Virginia Commonwealth,20.0,24,24,765,152,340,0.447,69,186,0.371,94,109,0.862,4,109,113,50,45,4,74,53,467
261,1630538,2019-20,00,3694,Virginia Commonwealth,19.0,31,9,639,100,231,0.433,63,145,0.434,16,24,0.667,10,58,68,57,26,10,36,71,279
262,1627742,2015-16,00,3111,Duke,18.0,36,34,1246,214,484,0.442,80,195,0.41,116,170,0.682,67,177,244,71,40,49,72,74,624
263,202681,2010-11,00,3111,Duke,19.0,11,8,303,55,104,0.529,18,39,0.462,64,71,0.901,6,31,37,47,16,6,27,23,192
264,1628371,2016-17,00,2653,Florida State,19.0,32,32,839,130,256,0.508,31,89,0.348,92,118,0.78,56,195,251,37,37,49,48,70,383
265,1631093,2021-22,00,2815,Purdue,20.0,36,34,1133,203,441,0.46,64,179,0.358,154,207,0.744,24,152,176,110,33,20,94,63,624
266,1631093,2020-21,00,2815,Purdue,19.0,24,12,557,89,223,0.399,25,97,0.258,53,73,0.726,19,57,76,43,17,16,31,39,256
267,1641713,2022-23,00,3530,South Carolina,18.0,32,29,1018,177,461,0.384,55,170,0.324,84,124,0.677,49,141,190,27,24,26,86,48,493
268,1630543,2020-21,00,2852,Kentucky,19.0,25,18,519,74,137,0.54,0,2,0.0,63,90,0.7,53,112,165,17,19,65,38,75,211
269,1631245,2021-22,00,3608,Texas A&M,23.0,40,15,1056,189,386,0.49,44,127,0.346,169,204,0.828,20,121,141,79,70,22,95,99,591
270,1631245,2020-21,00,3608,Texas A&M,22.0,18,10,415,63,133,0.474,23,56,0.411,39,53,0.736,12,31,43,30,22,3,44,37,188
271,1631245,2019-20,00,3608,Texas A&M,21.0,29,8,685,71,194,0.366,19,78,0.244,95,125,0.76,10,75,85,45,36,6,44,59,256
272,1641748,2022-23,00,2609,Connecticut,21.0,36,31,1047,92,213,0.432,25,89,0.281,31,48,0.646,67,156,223,169,39,18,71,101,240
273,1641748,2021-22,00,2609,Connecticut,20.0,33,32,963,78,183,0.426,22,61,0.361,45,63,0.714,44,181,225,102,38,20,66,82,223
274,1641748,2020-21,00,2609,Connecticut,19.0,16,2,257,16,39,0.41,2,17,0.118,9,10,0.9,10,36,46,25,7,4,19,44,43
275,1628991,2017-18,00,2989,Michigan State,18.0,35,34,764,119,232,0.513,38,96,0.396,106,133,0.797,52,151,203,39,21,105,62,112,382
276,1631218,2022-23,00,2783,Indiana,23.0,32,32,1107,262,450,0.582,0,0,,146,210,0.695,91,255,346,129,27,92,82,54,670
277,1631218,2021-22,00,2783,Indiana,22.0,35,35,1127,246,418,0.589,0,3,0.0,147,218,0.674,78,206,284,66,22,81,59,66,639
278,1631218,2020-21,00,2783,Indiana,21.0,27,27,924,183,354,0.517,0,0,,150,229,0.655,87,156,243,39,20,38,59,58,516
279,1631218,2019-20,00,2783,Indiana,20.0,32,32,940,159,281,0.566,0,0,,115,168,0.685,96,174,270,37,22,59,42,64,433
280,1631170,2022-23,00,2535,California-Los Angeles,22.0,37,37,1228,261,543,0.481,33,104,0.317,104,135,0.77,95,209,304,87,57,22,67,69,659
281,1631170,2021-22,00,2535,California-Los Angeles,21.0,34,34,1036,175,371,0.472,21,76,0.276,102,134,0.761,59,135,194,79,39,11,47,53,473
282,1631170,2020-21,00,2535,California-Los Angeles,20.0,32,32,1118,142,292,0.486,37,94,0.394,74,113,0.655,62,133,195,54,39,22,40,73,395
283,1631170,2019-20,00,2535,California-Los Angeles,19.0,31,23,828,98,216,0.454,25,80,0.313,54,71,0.761,49,100,149,42,43,12,46,76,275
284,1629660,2018-19,00,3670,Virginia,21.0,37,37,1257,178,409,0.435,79,198,0.399,67,91,0.736,17,139,156,202,57,1,61,65,502
285,1629660,2017-18,00,3670,Virginia,20.0,34,34,1046,133,316,0.421,58,153,0.379,38,42,0.905,11,95,106,132,55,1,54,79,362
286,1629660,2016-17,00,3670,Virginia,19.0,34,5,473,52,110,0.473,29,73,0.397,14,18,0.778,1,54,55,50,15,2,30,59,147
287,1629661,2018-19,00,3104,North Carolina,23.0,36,36,1078,211,417,0.506,96,210,0.457,90,110,0.818,66,142,208,86,43,10,54,53,608
288,1629661,2017-18,00,3104,North Carolina,22.0,26,20,761,113,265,0.426,47,138,0.341,50,59,0.847,44,78,122,60,18,5,27,45,323
289,1629661,2016-17,00,3487,Pittsburgh,21.0,33,33,1099,127,283,0.449,78,187,0.417,60,74,0.811,23,126,149,77,31,11,38,86,392
290,1629661,2015-16,00,3487,Pittsburgh,20.0,32,1,373,52,131,0.397,30,80,0.375,21,26,0.808,13,46,59,16,10,5,15,41,155
291,1629661,2014-15,00,3487,Pittsburgh,19.0,8,0,115,13,33,0.394,8,23,0.348,2,4,0.5,2,7,9,4,1,3,4,12,36
292,1630552,2020-21,00,3111,Duke,19.0,13,8,279,57,109,0.523,8,18,0.444,24,38,0.632,20,59,79,29,15,16,33,29,146
293,1629640,2018-19,00,2852,Kentucky,19.0,37,36,1136,172,373,0.461,45,118,0.381,109,155,0.703,49,168,217,61,28,6,60,83,498
294,1641732,2022-23,00,3340,Xavier,21.0,36,36,1226,207,407,0.509,45,119,0.378,81,124,0.653,45,161,206,158,47,20,84,77,540
295,1641732,2021-22,00,3340,Xavier,20.0,35,35,1170,143,296,0.483,21,72,0.292,100,147,0.68,84,172,256,111,54,19,69,78,407
296,1641732,2020-21,00,3340,Xavier,19.0,15,11,416,39,84,0.464,9,27,0.333,28,37,0.757,23,49,72,44,19,4,26,35,115
297,1630529,2020-21,00,2486,Alabama,22.0,33,33,900,129,289,0.446,20,57,0.351,92,129,0.713,82,135,217,108,57,37,93,94,370
298,1630529,2019-20,00,2486,Alabama,21.0,27,26,717,74,153,0.484,1,14,0.071,65,104,0.625,55,118,173,62,34,19,50,97,214
299,1630529,2018-19,00,2486,Alabama,20.0,34,29,719,79,187,0.422,6,21,0.286,52,105,0.495,38,81,119,67,32,20,67,94,216
300,1630529,2017-18,00,2486,Alabama,19.0,35,13,741,58,142,0.408,7,26,0.269,24,48,0.5,29,93,122,48,44,22,56,94,147
301,1626145,2014-15,00,3111,Duke,19.0,39,39,1322,135,324,0.417,47,124,0.379,144,162,0.889,19,118,137,217,59,3,76,46,461
302,201599,2007-08,00,3608,Texas A&M,19.0,35,21,703,113,183,0.617,0,0,,52,119,0.437,66,144,210,15,7,44,57,67,278
303,1630548,2021-22,00,2535,California-Los Angeles,21.0,30,29,955,179,414,0.432,45,125,0.36,66,79,0.835,23,119,142,54,22,4,47,59,469
304,1630548,2020-21,00,2535,California-Los Angeles,20.0,27,26,873,160,363,0.441,55,156,0.353,57,65,0.877,23,88,111,43,21,9,43,50,432
305,1630548,2019-20,00,2852,Kentucky,19.0,28,2,348,29,77,0.377,14,43,0.326,10,12,0.833,13,41,54,9,5,2,15,28,82
306,1641750,2022-23,00,3160,Creighton,21.0,34,34,1096,219,315,0.695,6,19,0.316,97,122,0.795,85,123,208,41,21,72,50,63,541
307,1641750,2021-22,00,3160,Creighton,20.0,34,34,996,173,268,0.646,3,12,0.25,95,129,0.736,134,127,261,31,15,89,47,48,444
308,1641750,2020-21,00,3160,Creighton,19.0,31,0,422,80,124,0.645,0,2,0.0,22,45,0.489,47,61,108,10,6,38,16,48,182
309,1631117,2021-22,00,2467,Auburn,20.0,34,34,874,163,268,0.608,10,50,0.2,53,89,0.596,89,185,274,30,37,155,37,88,389
310,1631117,2020-21,00,3104,North Carolina,19.0,29,0,252,52,90,0.578,1,4,0.25,22,41,0.537,45,49,94,9,15,25,16,35,127
311,1630557,2020-21,00,3722,Gonzaga,22.0,32,32,1017,209,395,0.529,91,207,0.44,86,98,0.878,30,129,159,58,29,14,42,54,595
312,1630557,2019-20,00,3722,Gonzaga,21.0,33,33,1090,156,329,0.474,78,178,0.438,68,84,0.81,31,100,131,70,29,12,46,60,458
313,1630557,2018-19,00,3722,Gonzaga,20.0,37,36,967,104,238,0.437,61,163,0.374,28,32,0.875,33,118,151,38,24,17,32,72,297
314,1630557,2017-18,00,3722,Gonzaga,19.0,35,7,679,86,187,0.46,40,114,0.351,24,36,0.667,37,74,111,26,10,6,22,36,236
315,1641752,2022-23,00,3143,Wake Forest,20.0,33,5,676,61,150,0.407,28,76,0.368,26,35,0.743,35,115,150,26,15,20,32,65,176
316,1631132,2021-22,00,2507,Arizona,22.0,37,37,941,183,288,0.635,0,3,0.0,100,136,0.735,95,175,270,51,28,102,59,103,466
317,1631132,2020-21,00,2507,Arizona,21.0,26,19,448,51,98,0.52,0,1,0.0,35,56,0.625,58,67,125,8,12,35,19,70,137
318,1631132,2019-20,00,2507,Arizona,20.0,28,0,232,28,58,0.483,0,1,0.0,7,20,0.35,27,40,67,5,9,25,3,37,63
319,1628436,2016-17,00,3590,Vanderbilt,21.0,35,35,1102,145,357,0.406,53,162,0.327,120,140,0.857,53,164,217,42,19,71,45,81,463
320,1628436,2015-16,00,3590,Vanderbilt,20.0,28,28,767,87,216,0.403,26,93,0.28,49,71,0.69,50,154,204,41,14,84,31,68,249
321,1628436,2014-15,00,3590,Vanderbilt,19.0,35,35,756,106,214,0.495,50,125,0.4,42,55,0.764,32,88,120,37,7,38,41,67,304
322,1628436,2013-14,00,3590,Vanderbilt,18.0,30,30,460,45,131,0.344,21,89,0.236,8,15,0.533,19,49,68,23,9,17,21,34,119
323,1628398,2016-17,00,3661,Utah,21.0,29,29,894,182,361,0.504,27,84,0.321,85,127,0.669,81,190,271,71,18,14,62,46,476
324,1628398,2015-16,00,3661,Utah,20.0,36,36,868,154,295,0.522,13,51,0.255,66,107,0.617,64,142,206,51,12,16,71,73,387
325,1628398,2014-15,00,3661,Utah,19.0,31,31,252,36,79,0.456,11,34,0.324,20,36,0.556,10,45,55,19,1,5,18,32,103
326,1631222,2021-22,00,3143,Wake Forest,20.0,33,33,1124,166,297,0.559,28,73,0.384,122,157,0.777,68,149,217,122,55,32,89,92,482
327,1631222,2020-21,00,261,Banning,19.0,25,25,732,105,222,0.473,10,32,0.313,88,113,0.779,57,100,157,58,38,21,52,72,308
328,1631222,2019-20,00,261,Banning,18.0,30,25,740,111,210,0.529,11,27,0.407,50,80,0.625,77,99,176,47,16,35,53,95,283
329,203897,2013-14,00,2535,California-Los Angeles,19.0,37,1,904,127,288,0.441,48,128,0.375,47,68,0.691,18,76,94,66,33,6,42,73,349
330,1630639,2020-21,00,3530,South Carolina,20.0,21,21,659,117,297,0.394,59,168,0.351,56,80,0.7,20,66,86,26,32,3,32,37,349
331,1630639,2019-20,00,3530,South Carolina,19.0,31,31,903,135,326,0.414,57,168,0.339,89,123,0.724,16,98,114,58,37,4,62,68,416
332,1630639,2018-19,00,3530,South Carolina,18.0,29,28,884,130,316,0.411,48,134,0.358,80,120,0.667,27,98,125,83,32,7,74,59,388
333,1627747,2015-16,00,2983,Michigan,21.0,15,14,464,82,162,0.506,29,65,0.446,54,68,0.794,9,71,80,74,15,3,25,18,247
334,1627747,2014-15,00,2983,Michigan,20.0,18,18,645,93,221,0.421,32,79,0.405,51,63,0.81,5,83,88,67,32,7,39,31,269
335,1627747,2013-14,00,2983,Michigan,19.0,37,37,1258,163,371,0.439,60,147,0.408,92,120,0.767,19,141,160,109,44,10,62,63,478
336,1627747,2012-13,00,2983,Michigan,18.0,33,1,355,28,89,0.315,13,43,0.302,7,14,0.5,6,30,36,25,6,2,10,39,76
337,202695,2010-11,00,2555,San Diego State,20.0,36,36,1172,211,475,0.444,25,86,0.291,110,145,0.759,111,269,380,91,51,21,76,89,557
338,202695,2009-10,00,2555,San Diego State,19.0,34,33,1064,166,365,0.455,16,78,0.205,85,117,0.726,119,217,336,65,47,24,77,85,433
339,1630604,2021-22,00,3346,Ohio State,21.0,32,32,1062,203,414,0.49,46,123,0.374,169,221,0.765,72,182,254,80,18,83,77,80,621
340,1630604,2020-21,00,3346,Ohio State,20.0,29,29,849,158,333,0.474,27,80,0.338,126,169,0.746,51,142,193,52,19,31,47,86,469
341,1630604,2019-20,00,3346,Ohio State,19.0,31,0,516,71,153,0.464,5,26,0.192,61,85,0.718,35,82,117,14,13,29,29,59,208
342,203081,2011-12,00,3658,Weber State,21.0,32,32,1105,231,495,0.467,94,230,0.409,228,257,0.887,17,144,161,128,47,7,74,62,784
343,203081,2010-11,00,3658,Weber State,20.0,9,9,285,49,112,0.438,19,55,0.345,60,70,0.857,6,32,38,33,14,2,28,23,177
344,203081,2009-10,00,3658,Weber State,19.0,31,31,1062,185,429,0.431,84,214,0.393,163,191,0.853,11,114,125,112,35,4,74,58,617
345,203081,2008-09,00,3658,Weber State,18.0,31,26,911,119,274,0.434,49,131,0.374,69,82,0.841,9,111,120,89,33,6,70,78,356
346,1641726,2022-23,00,3111,Duke,19.0,34,27,698,77,117,0.658,2,13,0.154,21,35,0.6,72,112,184,37,17,82,23,92,177
347,1630587,2020-21,00,2983,Michigan,22.0,23,23,726,102,223,0.457,50,116,0.431,47,54,0.87,25,113,138,46,13,17,26,37,301
348,1630587,2019-20,00,2983,Michigan,21.0,21,21,662,93,208,0.447,41,102,0.402,44,46,0.957,17,68,85,23,9,15,18,48,271
349,1630587,2018-19,00,2983,Michigan,20.0,35,3,791,97,199,0.487,52,122,0.426,32,41,0.78,26,111,137,25,24,19,23,61,278
350,1630587,2017-18,00,2983,Michigan,19.0,40,22,604,54,114,0.474,21,58,0.362,8,12,0.667,36,57,93,16,12,11,23,44,137
351,1641753,2022-23,00,2852,Kentucky,19.0,34,26,756,79,184,0.429,18,59,0.305,39,54,0.722,38,104,142,24,15,12,31,57,215
352,1626172,2014-15,00,2535,California-Los Angeles,19.0,36,36,1113,151,321,0.47,22,53,0.415,92,147,0.626,122,209,331,51,46,32,45,104,416
353,201572,2007-08,00,2571,Stanford,20.0,27,25,831,184,393,0.468,0,6,0.0,153,194,0.789,77,144,221,37,16,56,58,66,521
354,201572,2006-07,00,2571,Stanford,19.0,26,18,654,140,282,0.496,3,15,0.2,45,65,0.692,45,111,156,20,11,45,54,71,328
355,201567,2007-08,00,2535,California-Los Angeles,19.0,39,38,1156,227,406,0.559,29,82,0.354,198,258,0.767,142,273,415,75,27,56,78,73,681
356,200768,2005-06,00,3502,Villanova,20.0,33,31,967,117,251,0.466,8,18,0.444,121,154,0.786,60,83,143,122,77,8,70,94,363
357,200768,2004-05,00,3502,Villanova,19.0,24,3,557,64,152,0.421,5,22,0.227,47,74,0.635,22,54,76,49,31,5,40,54,180
358,1630572,2020-21,00,3202,Seton Hall,22.0,27,27,962,168,387,0.434,42,125,0.336,95,133,0.714,50,154,204,87,29,15,89,47,473
359,1630572,2019-20,00,3202,Seton Hall,21.0,20,18,523,95,176,0.54,23,53,0.434,25,38,0.658,40,78,118,27,10,12,28,48,238
360,1630572,2018-19,00,3202,Seton Hall,20.0,34,34,1000,107,245,0.437,28,93,0.301,60,98,0.612,76,189,265,54,19,41,50,89,302
361,1630572,2017-18,00,3202,Seton Hall,19.0,34,0,325,32,68,0.471,8,27,0.296,15,25,0.6,27,36,63,16,8,16,14,51,87
362,1629611,2018-19,00,2653,Florida State,22.0,37,36,1174,147,291,0.505,30,77,0.39,98,124,0.79,92,148,240,94,25,12,65,83,422
363,1629611,2017-18,00,2653,Florida State,21.0,34,31,993,171,301,0.568,13,52,0.25,74,113,0.655,65,120,185,87,31,9,60,57,429
364,1629611,2016-17,00,2653,Florida State,20.0,35,34,876,114,198,0.576,7,23,0.304,59,89,0.663,65,94,159,58,35,6,42,82,294
365,1629611,2015-16,00,2653,Florida State,19.0,34,0,577,73,125,0.584,4,13,0.308,27,59,0.458,44,82,126,30,21,7,24,62,177
366,1630544,2020-21,00,2635,Florida,20.0,24,24,777,133,290,0.459,45,112,0.402,74,89,0.831,16,119,135,83,33,3,68,57,385
367,1630544,2019-20,00,2635,Florida,19.0,29,4,516,57,160,0.356,22,80,0.275,19,29,0.655,8,47,55,20,17,2,32,53,155
368,1628374,2016-17,00,2507,Arizona,20.0,37,37,1140,185,376,0.492,69,163,0.423,137,164,0.835,88,178,266,32,15,19,40,73,576
369,1628997,2018-19,00,3216,Nevada-Reno,23.0,34,33,1161,201,492,0.409,107,317,0.338,145,198,0.732,30,145,175,96,49,26,63,83,654
370,1628997,2017-18,00,3216,Nevada-Reno,22.0,36,26,1199,222,490,0.453,100,248,0.403,134,179,0.749,34,160,194,92,45,21,61,95,678
371,1628997,2015-16,00,3132,North Carolina State,20.0,33,19,1006,128,329,0.389,79,219,0.361,44,66,0.667,31,123,154,47,30,19,50,75,379
372,1628997,2014-15,00,3132,North Carolina State,19.0,36,1,598,53,149,0.356,25,82,0.305,41,59,0.695,26,77,103,26,11,12,24,40,172
373,1628998,2018-19,00,3216,Nevada-Reno,23.0,34,34,1171,151,299,0.505,34,95,0.358,74,97,0.763,32,120,152,167,46,23,64,86,410
374,1628998,2017-18,00,3216,Nevada-Reno,22.0,36,34,1284,194,375,0.517,15,51,0.294,103,147,0.701,65,160,225,169,60,53,73,87,506
375,1628998,2015-16,00,3132,North Carolina State,20.0,33,16,850,78,167,0.467,3,7,0.429,40,67,0.597,57,87,144,75,40,14,46,69,199
376,1628998,2014-15,00,3132,North Carolina State,19.0,19,3,216,28,59,0.475,0,7,0.0,9,17,0.529,17,21,38,23,9,6,18,36,65
377,1631213,2021-22,00,2609,Connecticut,23.0,29,29,930,144,321,0.449,43,100,0.43,62,90,0.689,68,150,218,56,23,14,53,61,393
378,1631213,2020-21,00,2609,Connecticut,22.0,22,21,663,85,193,0.44,16,50,0.32,41,61,0.672,66,99,165,23,22,12,30,42,227
379,1631213,2019-20,00,3513,Rhode Island,21.0,30,30,1027,148,342,0.433,44,137,0.321,45,68,0.662,62,149,211,34,33,9,60,71,385
380,1631213,2018-19,00,3513,Rhode Island,20.0,33,19,892,99,237,0.418,33,106,0.311,35,54,0.648,62,110,172,33,27,9,46,68,266
381,1631097,2021-22,00,2507,Arizona,20.0,37,37,1201,218,484,0.45,83,225,0.369,136,178,0.764,51,157,208,94,36,10,66,68,655
382,1631097,2020-21,00,2507,Arizona,19.0,26,12,647,88,187,0.471,38,91,0.418,66,78,0.846,32,92,124,30,18,2,30,43,280
383,1630540,2020-21,00,3769,West Virginia,20.0,29,28,990,157,364,0.431,46,111,0.414,100,123,0.813,34,79,113,140,55,9,53,49,460
384,1630540,2019-20,00,3769,West Virginia,19.0,31,2,689,102,254,0.402,24,79,0.304,68,91,0.747,16,57,73,56,35,15,41,54,296
385,1630644,2020-21,00,3634,Texas Tech,22.0,29,29,877,148,353,0.419,47,138,0.341,107,135,0.793,12,66,78,62,24,9,54,56,450
386,1630644,2019-20,00,2620,Georgetown,21.0,21,20,563,109,277,0.394,31,96,0.323,81,101,0.802,16,49,65,51,29,4,37,38,330
387,1630644,2018-19,00,2620,Georgetown,20.0,29,29,767,127,324,0.392,39,141,0.277,87,109,0.798,22,54,76,58,24,4,59,51,380
388,203468,2012-13,00,3418,Lehigh,21.0,12,12,372,96,194,0.495,33,64,0.516,62,73,0.849,12,48,60,35,17,4,32,21,287
389,203468,2011-12,00,3418,Lehigh,20.0,35,35,1160,254,573,0.443,60,176,0.341,198,244,0.811,50,179,229,124,91,19,81,73,766
390,203468,2010-11,00,3418,Lehigh,19.0,31,31,1071,214,537,0.399,52,165,0.315,197,233,0.845,59,183,242,66,77,21,88,53,677
391,203468,2009-10,00,3418,Lehigh,18.0,33,31,1052,203,442,0.459,72,171,0.421,153,189,0.81,46,119,165,79,43,7,66,48,631
392,204456,2014-15,00,2507,Arizona,23.0,38,38,1158,156,313,0.498,25,78,0.321,58,70,0.829,25,121,146,238,83,3,78,68,395
393,204456,2013-14,00,2507,Arizona,22.0,38,38,1225,127,280,0.454,36,100,0.36,31,50,0.62,19,117,136,202,64,8,67,83,321
394,204456,2011-12,00,3485,Duquesne,20.0,31,31,1062,135,265,0.509,38,88,0.432,46,55,0.836,27,108,135,171,86,8,80,51,354
395,1641755,2022-23,00,2828,Kansas,22.0,34,33,1042,123,277,0.444,29,98,0.296,89,117,0.761,41,197,238,80,68,25,72,101,364
396,1641755,2021-22,00,3634,Texas Tech,21.0,29,24,864,100,249,0.402,28,90,0.311,66,91,0.725,26,107,133,89,41,7,57,78,294
397,1641755,2020-21,00,3634,Texas Tech,20.0,20,19,608,72,173,0.416,13,46,0.283,50,71,0.704,30,95,125,41,34,16,30,60,207
398,1641755,2019-20,00,3634,Texas Tech,19.0,29,6,537,65,127,0.512,8,28,0.286,37,51,0.725,30,63,93,21,35,9,37,62,175
399,1630183,2019-20,00,3721,Washington,19.0,31,21,963,136,336,0.405,43,127,0.339,87,114,0.763,34,146,180,65,24,43,100,103,402
400,203926,2013-14,00,3160,Creighton,22.0,35,35,1181,330,627,0.526,96,214,0.449,178,206,0.864,57,187,244,55,8,5,62,67,934
401,203926,2012-13,00,3160,Creighton,21.0,36,36,1138,284,518,0.548,77,157,0.49,189,216,0.875,58,218,276,57,8,2,93,56,834
402,203926,2011-12,00,3160,Creighton,20.0,35,35,1117,307,511,0.601,54,111,0.486,133,167,0.796,84,204,288,37,7,3,79,61,801
403,203926,2010-11,00,3160,Creighton,19.0,39,39,1134,220,419,0.525,47,116,0.405,94,126,0.746,82,198,280,45,11,4,87,81,581
404,1631121,2021-22,00,3158,Nebraska,19.0,31,31,1032,160,397,0.403,40,146,0.274,162,195,0.831,22,139,161,43,22,10,65,62,522
405,1629001,2016-17,00,2534,Southern California,19.0,36,25,972,101,231,0.437,21,74,0.284,77,109,0.706,50,120,170,125,69,37,64,81,300
406,203114,2011-12,00,3608,Texas A&M,20.0,20,17,575,102,246,0.415,20,77,0.26,39,52,0.75,26,73,99,45,19,5,43,37,263
407,203114,2010-11,00,3608,Texas A&M,19.0,33,33,978,160,354,0.452,39,108,0.361,116,148,0.784,64,108,172,93,39,2,89,70,475
408,203114,2009-10,00,3608,Texas A&M,18.0,34,22,710,79,190,0.416,33,102,0.324,54,72,0.75,41,84,125,37,29,10,41,80,245
409,1641706,2022-23,00,2486,Alabama,20.0,37,37,1206,222,516,0.43,106,276,0.384,146,170,0.859,76,229,305,76,33,32,81,87,696
410,1641801,2022-23,00,3619,Texas Christian,23.0,32,31,949,165,327,0.505,20,51,0.392,45,69,0.652,61,148,209,55,30,28,57,67,395
411,1641801,2021-22,00,3619,Texas Christian,22.0,34,34,935,142,288,0.493,11,45,0.244,55,80,0.688,83,128,211,30,23,26,46,72,350
412,1641801,2020-21,00,3608,Texas A&M,21.0,17,13,539,100,175,0.571,0,6,0.0,76,93,0.817,52,88,140,24,14,2,46,35,276
413,1641801,2019-20,00,3608,Texas A&M,20.0,30,25,736,65,161,0.404,3,21,0.143,58,94,0.617,60,130,190,26,21,2,35,58,191
414,1641757,2022-23,00,2630,Miami (FL),23.0,37,37,1290,218,400,0.545,32,91,0.352,98,125,0.784,76,154,230,99,45,15,49,63,566
415,1641757,2021-22,00,2630,Miami (FL),22.0,36,31,1107,147,262,0.561,19,65,0.292,48,68,0.706,75,139,214,40,63,20,31,73,361
416,1641757,2020-21,00,3673,George Mason,21.0,20,18,659,118,255,0.463,24,72,0.333,55,71,0.775,48,73,121,40,19,7,38,32,315
417,1641757,2019-20,00,3673,George Mason,20.0,32,32,1037,145,324,0.448,33,100,0.33,82,117,0.701,70,98,168,46,34,5,59,71,405
418,1641757,2018-19,00,3673,George Mason,19.0,17,16,501,71,116,0.612,6,18,0.333,29,47,0.617,64,56,120,11,14,13,19,41,177
419,1631169,2021-22,00,3581,Memphis,19.0,33,5,482,83,159,0.522,2,14,0.143,49,65,0.754,52,72,124,31,27,22,31,58,217
420,1630558,2020-21,00,3654,Baylor,22.0,30,30,992,158,309,0.511,63,141,0.447,41,64,0.641,14,66,80,165,57,11,73,71,420
421,1630558,2019-20,00,3654,Baylor,21.0,30,30,973,105,257,0.409,34,105,0.324,53,80,0.663,10,71,81,114,44,11,67,82,297
422,1630558,2017-18,00,2467,Auburn,19.0,34,0,582,45,105,0.429,15,52,0.288,21,31,0.677,9,30,39,63,18,1,38,73,126
423,1628378,2016-17,00,2855,Louisville,20.0,4,4,7,1,1,1.0,0,0,,1,2,0.5,0,1,1,0,0,0,2,0,3
424,1630596,2020-21,00,2534,Southern California,20.0,33,33,1117,197,341,0.578,12,40,0.3,134,193,0.694,90,196,286,79,26,95,74,58,540
425,1628370,2016-17,00,2852,Kentucky,19.0,38,38,1218,251,558,0.45,104,262,0.397,148,180,0.822,12,83,95,87,36,19,75,72,754
426,1630541,2020-21,00,2494,Arkansas,19.0,32,32,1083,165,386,0.427,58,162,0.358,151,186,0.812,64,120,184,51,33,21,52,74,539
427,1631111,2021-22,00,3111,Duke,20.0,39,39,1325,188,376,0.5,52,126,0.413,95,118,0.805,48,159,207,172,55,8,76,62,523
428,1631111,2020-21,00,3111,Duke,19.0,24,18,661,86,206,0.417,22,73,0.301,39,46,0.848,29,85,114,65,29,5,48,57,233
429,1631111,2019-20,00,3111,Duke,18.0,25,11,601,64,154,0.416,4,19,0.211,54,67,0.806,40,66,106,47,22,6,61,53,186
430,1629630,2018-19,00,2858,Murray State,19.0,33,33,1207,265,531,0.499,57,157,0.363,221,272,0.813,40,148,188,331,58,27,170,48,808
431,1629630,2017-18,00,2858,Murray State,18.0,32,32,1088,133,290,0.459,27,88,0.307,112,139,0.806,55,153,208,201,30,13,79,64,405
432,1628420,2016-17,00,2700,Iowa State,22.0,35,35,1237,216,465,0.465,54,143,0.378,89,111,0.802,40,129,169,217,53,10,42,51,575
433,1628420,2015-16,00,2700,Iowa State,21.0,35,35,1331,188,386,0.487,38,106,0.358,70,96,0.729,26,112,138,241,62,9,57,55,484
434,1628420,2014-15,00,2700,Iowa State,20.0,34,34,1153,155,306,0.507,32,81,0.395,64,85,0.753,24,93,117,175,64,15,38,45,406
435,1628420,2013-14,00,2700,Iowa State,19.0,36,36,1013,77,179,0.43,28,69,0.406,61,72,0.847,18,74,92,134,46,7,28,61,243
436,1630530,2020-21,00,3670,Virginia,21.0,25,20,738,96,191,0.503,52,120,0.433,38,41,0.927,15,70,85,30,20,11,19,49,282
437,1630530,2019-20,00,3625,Rice,20.0,29,23,875,131,302,0.434,75,204,0.368,61,74,0.824,34,125,159,36,27,16,41,74,398
438,1630530,2018-19,00,3625,Rice,19.0,32,1,660,84,190,0.442,64,152,0.421,37,51,0.725,18,64,82,22,15,16,22,44,269
439,1627749,2015-16,00,3721,Washington,19.0,34,34,1139,202,486,0.416,34,118,0.288,110,166,0.663,48,155,203,152,62,10,90,110,548
440,1627750,2015-16,00,2852,Kentucky,19.0,36,36,1267,244,538,0.454,113,277,0.408,119,152,0.783,53,133,186,79,35,11,84,75,720
441,1631099,2021-22,00,2714,Iowa,21.0,35,35,1117,307,554,0.554,66,166,0.398,142,190,0.747,100,203,303,52,45,68,39,65,822
442,1631099,2020-21,00,2714,Iowa,20.0,31,4,555,84,166,0.506,16,54,0.296,40,53,0.755,50,107,157,17,24,39,20,58,224
443,1631200,2022-23,00,2714,Iowa,22.0,29,29,1010,217,456,0.476,66,197,0.335,86,118,0.729,80,150,230,58,30,34,44,61,586
444,1631200,2021-22,00,2714,Iowa,21.0,35,1,629,124,259,0.479,43,111,0.387,49,76,0.645,55,94,149,37,29,31,27,87,340
445,1631200,2020-21,00,2714,Iowa,20.0,13,0,42,3,13,0.231,0,5,0.0,2,2,1.0,3,5,8,1,1,1,2,3,8
446,1629004,2017-18,00,2828,Kansas,21.0,39,39,1346,205,472,0.434,115,259,0.444,45,56,0.804,44,109,153,107,46,12,65,97,570
447,1629004,2016-17,00,2828,Kansas,20.0,36,25,984,124,280,0.443,70,176,0.398,33,47,0.702,29,80,109,46,31,9,40,71,351
448,1629004,2015-16,00,2828,Kansas,19.0,35,0,449,67,149,0.45,37,92,0.402,17,25,0.68,12,35,47,32,12,5,26,42,188
449,1629004,2014-15,00,2828,Kansas,18.0,25,6,291,26,85,0.306,15,52,0.288,5,6,0.833,8,23,31,17,8,1,15,17,72
450,1626204,2014-15,00,3776,Wyoming,22.0,31,31,1082,185,360,0.514,14,42,0.333,114,145,0.786,44,180,224,76,37,37,70,69,498
451,1626204,2013-14,00,3776,Wyoming,21.0,26,26,902,147,270,0.544,9,37,0.243,97,128,0.758,35,189,224,42,37,55,44,73,400
452,1626204,2012-13,00,3776,Wyoming,20.0,33,33,1057,129,242,0.533,10,29,0.345,84,112,0.75,64,164,228,41,42,24,51,85,352
453,1626204,2011-12,00,3776,Wyoming,19.0,33,0,590,49,106,0.462,3,9,0.333,35,43,0.814,42,89,131,13,25,19,28,57,136
454,1630174,2019-20,00,3590,Vanderbilt,20.0,14,14,499,105,205,0.512,60,115,0.522,52,63,0.825,11,57,68,13,20,12,24,39,322
455,1630174,2018-19,00,3590,Vanderbilt,19.0,32,19,928,114,291,0.392,59,175,0.337,66,80,0.825,34,143,177,45,23,18,51,98,353
456,1627777,2015-16,00,2700,Iowa State,23.0,35,35,1162,283,518,0.546,56,143,0.392,96,119,0.807,46,172,218,117,31,22,92,111,718
457,1627777,2014-15,00,2700,Iowa State,22.0,34,34,1045,187,406,0.461,46,115,0.4,101,125,0.808,35,149,184,117,17,16,91,96,521
458,1627777,2013-14,00,2700,Iowa State,21.0,34,34,1025,222,468,0.474,48,147,0.327,75,104,0.721,34,118,152,123,21,21,82,109,567
459,1627777,2012-13,00,2700,Iowa State,20.0,35,23,878,157,305,0.515,38,97,0.392,70,100,0.7,47,113,160,64,23,8,53,106,422
460,1629006,2017-18,00,2664,Georgia Tech,19.0,24,24,873,133,320,0.416,38,100,0.38,133,162,0.821,54,96,150,59,42,23,61,70,437
461,1629006,2016-17,00,2664,Georgia Tech,18.0,37,37,1141,194,428,0.453,28,73,0.384,180,241,0.747,55,146,201,61,48,27,77,94,596
462,1630168,2019-20,00,2534,Southern California,19.0,28,28,858,175,284,0.616,1,4,0.25,103,143,0.72,92,150,242,30,34,76,56,75,454
463,1630171,2019-20,00,2467,Auburn,19.0,28,28,882,125,245,0.51,20,70,0.286,89,132,0.674,53,71,124,57,26,25,55,76,359
464,203482,2012-13,00,3722,Gonzaga,22.0,32,28,845,215,342,0.629,9,30,0.3,132,170,0.776,77,158,235,55,22,36,77,72,571
465,203482,2010-11,00,3722,Gonzaga,20.0,35,4,471,74,129,0.574,12,27,0.444,42,68,0.618,44,89,133,26,12,5,42,57,202
466,203482,2009-10,00,3722,Gonzaga,19.0,34,0,419,49,98,0.5,4,18,0.222,28,47,0.596,31,62,93,26,18,5,21,68,130
467,1626162,2014-15,00,2828,Kansas,19.0,36,27,756,110,248,0.444,34,95,0.358,79,110,0.718,41,138,179,28,41,13,43,71,333
468,101108,2004-05,00,3143,Wake Forest,20.0,32,31,1069,143,317,0.451,46,97,0.474,156,187,0.834,22,122,144,212,76,1,89,82,488
469,101108,2003-04,00,3143,Wake Forest,19.0,31,31,1041,135,272,0.496,40,86,0.465,150,178,0.843,21,80,101,183,84,12,82,81,460
470,1627780,2015-16,00,3398,Oregon State,23.0,32,32,1096,205,422,0.486,22,70,0.314,79,123,0.642,77,174,251,161,80,16,74,85,511
471,1627780,2014-15,00,3398,Oregon State,22.0,31,29,1125,162,334,0.485,27,92,0.293,65,98,0.663,64,167,231,98,95,37,59,84,416
472,1641809,2022-23,00,2534,Southern California,23.0,33,33,1182,164,371,0.442,48,134,0.358,82,109,0.752,29,177,206,143,35,25,90,57,458
473,1641809,2021-22,00,2534,Southern California,22.0,34,34,1123,149,319,0.467,49,119,0.412,76,106,0.717,38,173,211,113,23,27,81,55,423
474,1641809,2020-21,00,2534,Southern California,21.0,33,30,945,114,269,0.424,35,91,0.385,61,87,0.701,28,137,165,88,21,10,55,59,324
475,1641809,2019-20,00,3625,Rice,20.0,32,31,1031,118,287,0.411,44,134,0.328,75,91,0.824,53,156,209,112,33,12,85,69,355
476,1641809,2018-19,00,3625,Rice,19.0,32,24,633,51,150,0.34,25,84,0.298,34,45,0.756,20,88,108,49,13,3,35,43,161
477,1641763,2022-23,00,3575,Tennessee,19.0,32,25,767,79,192,0.411,11,46,0.239,97,118,0.822,57,93,150,46,20,17,41,56,266
478,1629618,2022-23,00,3501,Penn State,23.0,37,37,1356,260,512,0.508,45,118,0.381,90,118,0.763,43,231,274,243,35,19,84,77,655
479,1629618,2021-22,00,3501,Penn State,22.0,31,31,1154,161,383,0.42,47,147,0.32,44,59,0.746,18,115,133,135,35,19,55,59,413
480,1629618,2020-21,00,3268,Siena,21.0,14,14,504,64,159,0.403,28,78,0.359,24,32,0.75,15,73,88,67,12,16,34,20,180
481,1629618,2019-20,00,3268,Siena,20.0,29,28,1071,169,369,0.458,58,155,0.374,42,61,0.689,30,103,133,175,30,32,53,45,438
482,1629618,2018-19,00,3268,Siena,19.0,33,32,1225,184,422,0.436,65,187,0.348,88,118,0.746,43,109,152,221,66,29,80,77,521
483,1630590,2021-22,00,3590,Vanderbilt,21.0,36,36,1191,224,538,0.416,64,197,0.325,224,299,0.749,30,98,128,162,70,7,121,88,736
484,1630590,2020-21,00,3590,Vanderbilt,20.0,22,22,697,136,318,0.428,43,120,0.358,142,167,0.85,22,41,63,107,39,4,84,54,457
485,1630590,2019-20,00,3590,Vanderbilt,19.0,32,31,951,108,275,0.393,34,94,0.362,134,189,0.709,16,72,88,114,35,4,86,97,384
486,203486,2012-13,00,3111,Duke,23.0,36,36,1248,221,369,0.599,0,0,,173,254,0.681,99,260,359,70,36,52,103,92,615
487,203486,2011-12,00,3111,Duke,22.0,34,31,964,143,250,0.572,0,0,,93,176,0.528,99,213,312,55,26,55,74,86,379
488,203486,2010-11,00,3111,Duke,21.0,37,32,949,112,189,0.593,0,2,0.0,41,93,0.441,91,218,309,58,33,62,71,96,265
489,203486,2009-10,00,3111,Duke,20.0,34,1,480,49,106,0.462,2,8,0.25,25,46,0.543,39,66,105,30,18,30,32,73,125
490,1641764,2022-23,00,2565,Santa Clara,20.0,32,32,1152,222,460,0.483,81,185,0.438,111,144,0.771,57,223,280,117,57,15,73,61,636
491,1641764,2021-22,00,2737,Illinois,19.0,16,0,69,8,19,0.421,3,13,0.231,3,4,0.75,2,13,15,5,1,0,4,7,22
492,1627751,2015-16,00,3661,Utah,20.0,36,36,1093,228,353,0.646,0,0,,164,237,0.692,102,225,327,70,21,56,74,83,620
493,1627751,2014-15,00,3661,Utah,19.0,34,34,792,128,188,0.681,0,1,0.0,55,124,0.444,92,138,230,23,12,63,55,82,311
494,1629673,2018-19,00,2983,Michigan,20.0,37,37,1226,161,369,0.436,75,203,0.369,75,90,0.833,8,102,110,80,40,8,57,74,472
495,1629673,2017-18,00,2983,Michigan,19.0,38,0,476,75,175,0.429,40,108,0.37,43,52,0.827,3,50,53,22,20,6,25,40,233
496,1629645,2018-19,00,2534,Southern California,19.0,21,4,464,74,157,0.471,28,68,0.412,24,46,0.522,20,64,84,30,17,11,39,44,200
497,1629008,2017-18,00,3043,Missouri,20.0,3,1,53,10,30,0.333,3,10,0.3,7,9,0.778,4,16,20,1,3,1,3,6,30
498,1626171,2014-15,00,2494,Arkansas,20.0,36,36,1076,250,466,0.536,14,30,0.467,115,156,0.737,133,188,321,42,39,50,56,78,629
499,1626171,2013-14,00,2494,Arkansas,19.0,34,34,918,161,316,0.509,9,33,0.273,87,118,0.737,86,144,230,50,35,54,41,60,418
500,203939,2013-14,00,2571,Stanford,22.0,36,36,1167,175,379,0.462,10,39,0.256,145,211,0.687,70,177,247,112,47,30,104,113,505
501,203939,2012-13,00,2571,Stanford,21.0,34,34,1032,179,383,0.467,15,33,0.455,133,167,0.796,72,213,285,72,26,39,83,104,506
502,203939,2011-12,00,2571,Stanford,20.0,35,11,614,73,161,0.453,1,17,0.059,55,78,0.705,40,121,161,26,28,21,53,80,202
503,203939,2010-11,00,2571,Stanford,19.0,31,26,756,88,187,0.471,7,25,0.28,69,101,0.683,43,117,160,30,24,28,44,93,252
504,1626181,2014-15,00,2535,California-Los Angeles,22.0,36,36,1244,213,467,0.456,38,119,0.319,127,169,0.751,21,148,169,75,66,16,80,91,591
505,1626181,2013-14,00,2535,California-Los Angeles,21.0,37,37,952,153,287,0.533,20,68,0.294,96,123,0.78,24,81,105,63,51,14,38,85,422
506,1626181,2012-13,00,2535,California-Los Angeles,20.0,35,9,773,79,182,0.434,27,92,0.293,27,40,0.675,4,72,76,37,25,18,38,67,212
507,1626181,2011-12,00,2535,California-Los Angeles,19.0,33,1,586,58,154,0.377,26,75,0.347,9,15,0.6,9,65,74,39,16,9,24,45,151
508,1627752,2015-16,00,3654,Baylor,22.0,34,34,1040,187,433,0.432,53,147,0.361,113,146,0.774,81,125,206,77,43,25,91,86,540
509,1627752,2014-15,00,3654,Baylor,21.0,33,6,868,167,354,0.472,60,152,0.395,65,101,0.644,60,124,184,42,49,29,67,70,459
510,1627752,2013-14,00,3654,Baylor,20.0,38,2,541,79,170,0.465,15,41,0.366,61,86,0.709,40,65,105,23,20,7,51,78,234
511,1627752,2012-13,00,3654,Baylor,19.0,24,0,153,35,60,0.583,2,6,0.333,16,22,0.727,21,31,52,3,9,2,12,37,88
512,1641765,2022-23,00,3742,Marquette,20.0,36,36,1048,150,293,0.512,39,115,0.339,111,151,0.735,61,107,168,24,33,5,50,83,450
513,1641765,2021-22,00,3742,Marquette,19.0,32,25,663,76,165,0.461,19,60,0.317,41,50,0.82,19,87,106,29,28,4,29,68,212
514,1641765,2020-21,00,3526,Clemson,18.0,22,2,216,18,52,0.346,3,18,0.167,15,22,0.682,18,23,41,6,4,3,8,21,54
515,1629674,2020-21,00,3657,Utah State,21.0,29,29,870,167,299,0.559,0,2,0.0,99,140,0.707,83,211,294,77,31,97,69,69,433
516,1629674,2019-20,00,3657,Utah State,20.0,22,20,589,108,173,0.624,1,1,1.0,69,103,0.67,44,127,171,41,9,38,68,51,286
517,1629674,2018-19,00,3657,Utah State,19.0,35,35,947,167,272,0.614,2,5,0.4,78,138,0.565,86,225,311,57,23,84,81,108,414
518,1630193,2019-20,00,2852,Kentucky,21.0,30,20,987,138,332,0.416,62,145,0.428,144,156,0.923,16,110,126,56,27,4,48,70,482
519,1630193,2018-19,00,2852,Kentucky,20.0,37,7,684,55,148,0.372,30,87,0.345,53,64,0.828,2,63,65,44,16,1,33,44,193
520,203944,2013-14,00,2852,Kentucky,19.0,40,40,1233,196,392,0.5,3,18,0.167,204,289,0.706,140,277,417,57,20,31,101,91,599
521,1630559,2020-21,00,3389,Oklahoma,23.0,25,25,861,139,314,0.443,32,105,0.305,147,170,0.865,21,116,137,116,23,8,75,42,457
522,1630559,2019-20,00,3389,Oklahoma,22.0,31,31,1031,137,360,0.381,42,162,0.259,140,165,0.848,20,144,164,93,30,8,77,58,456
523,1630559,2017-18,00,2842,Wichita State,20.0,32,11,707,85,189,0.45,54,127,0.425,43,52,0.827,13,90,103,67,16,8,38,53,267
524,1630559,2016-17,00,2842,Wichita State,19.0,33,0,391,39,87,0.448,28,55,0.509,28,37,0.757,10,49,59,37,12,10,18,26,134
525,1630194,2019-20,00,2741,DePaul,21.0,29,29,922,182,353,0.516,16,52,0.308,59,80,0.738,95,215,310,47,54,74,66,86,439
526,1630194,2018-19,00,2741,DePaul,20.0,36,28,970,176,313,0.562,15,37,0.405,77,100,0.77,98,207,305,34,40,55,64,92,444
527,1630194,2017-18,00,2741,DePaul,19.0,28,0,276,43,83,0.518,3,14,0.214,11,19,0.579,27,59,86,10,15,13,15,49,100
528,1629675,2018-19,00,2863,Louisiana State,19.0,34,32,925,171,365,0.468,28,84,0.333,93,128,0.727,86,159,245,29,25,23,85,108,463
529,1630208,2019-20,00,2852,Kentucky,22.0,31,30,918,163,253,0.644,0,0,,109,145,0.752,81,160,241,7,3,66,49,98,435
530,1630208,2018-19,00,2852,Kentucky,21.0,37,3,446,49,82,0.598,0,0,,49,71,0.69,57,66,123,7,4,47,26,76,147
531,1630208,2017-18,00,2852,Kentucky,20.0,37,37,543,69,112,0.616,0,0,,51,71,0.718,55,108,163,9,3,33,26,76,189
532,1631115,2021-22,00,2522,Fresno State,21.0,36,36,1195,251,519,0.484,37,105,0.352,161,225,0.716,94,207,301,103,36,43,90,86,700
533,1631115,2020-21,00,2522,Fresno State,20.0,24,24,765,117,264,0.443,15,45,0.333,101,140,0.721,66,154,220,50,22,19,75,57,350
534,1631115,2019-20,00,2522,Fresno State,19.0,30,30,818,127,258,0.492,13,52,0.25,98,139,0.705,64,134,198,47,25,29,55,65,365
535,1630526,2020-21,00,3502,Villanova,20.0,25,25,863,155,312,0.497,23,82,0.28,60,84,0.714,62,150,212,55,24,16,41,57,393
536,1630526,2019-20,00,3502,Villanova,19.0,31,31,1014,113,249,0.454,21,64,0.328,79,97,0.814,79,211,290,60,35,17,68,70,326
537,1631157,2021-22,00,579,Winter Park,19.0,34,34,1111,232,496,0.468,47,151,0.311,130,162,0.802,23,181,204,123,59,8,74,83,641
538,1631157,2020-21,00,579,Winter Park,18.0,30,30,906,146,339,0.431,41,127,0.323,77,98,0.786,31,125,156,75,33,4,71,81,410
539,1626179,2014-15,00,2855,Louisville,21.0,36,35,1260,214,521,0.411,48,157,0.306,139,176,0.79,43,157,200,108,72,6,79,62,615
540,1626179,2013-14,00,2855,Louisville,20.0,37,10,699,93,232,0.401,36,97,0.371,37,52,0.712,28,86,114,67,38,2,22,54,259
541,1626156,2014-15,00,3346,Ohio State,19.0,35,35,1188,231,515,0.449,95,231,0.411,118,156,0.756,35,163,198,175,55,11,102,74,675
542,1627734,2015-16,00,3722,Gonzaga,20.0,36,31,1149,239,391,0.611,5,14,0.357,150,195,0.769,110,316,426,64,22,31,93,115,633
543,1627734,2014-15,00,3722,Gonzaga,19.0,38,1,822,145,217,0.668,0,0,,79,119,0.664,82,186,268,33,17,12,59,104,369
544,1631204,2022-23,00,3623,Houston,22.0,36,36,1109,190,434,0.438,96,250,0.384,128,151,0.848,13,89,102,111,58,6,58,55,604
545,1631204,2021-22,00,3623,Houston,21.0,12,12,383,69,158,0.437,45,103,0.437,29,39,0.744,3,31,34,31,26,1,26,17,212
546,1631204,2020-21,00,3623,Houston,20.0,30,28,926,134,353,0.38,78,233,0.335,52,61,0.852,12,64,76,65,40,1,34,57,398
547,1631204,2019-20,00,3623,Houston,19.0,30,17,716,81,223,0.363,57,162,0.352,25,33,0.758,9,63,72,52,19,3,29,46,244
548,1641729,2022-23,00,3346,Ohio State,19.0,33,21,806,197,409,0.482,60,148,0.405,83,100,0.83,42,135,177,38,18,13,67,82,537
549,1629012,2017-18,00,2486,Alabama,19.0,33,32,987,196,438,0.447,44,131,0.336,196,252,0.778,34,90,124,119,28,3,92,81,632
550,1629013,2017-18,00,2842,Wichita State,21.0,32,32,1015,154,315,0.489,84,190,0.442,85,103,0.825,14,89,103,166,23,6,67,61,477
551,1629013,2016-17,00,2842,Wichita State,20.0,36,35,961,135,286,0.472,72,164,0.439,69,86,0.802,21,80,101,117,26,7,39,77,411
552,1629013,2015-16,00,2842,Wichita State,19.0,3,1,59,7,16,0.438,3,10,0.3,9,12,0.75,3,5,8,5,5,1,2,8,26
553,1630545,2022-23,00,2737,Illinois,22.0,31,30,991,159,360,0.442,50,156,0.321,166,210,0.79,38,106,144,87,39,15,80,73,534
554,1630545,2021-22,00,3634,Texas Tech,21.0,26,20,649,90,198,0.455,33,86,0.384,58,74,0.784,13,55,68,52,22,5,51,42,271
555,1630545,2020-21,00,3634,Texas Tech,20.0,28,13,746,120,268,0.448,30,84,0.357,90,119,0.756,32,79,111,39,32,4,38,49,360
556,1630545,2019-20,00,3634,Texas Tech,19.0,29,21,681,94,200,0.47,9,35,0.257,87,105,0.829,31,89,120,29,26,12,37,66,284
557,1630549,2020-21,00,3104,North Carolina,19.0,29,4,555,112,216,0.519,0,2,0.0,51,101,0.505,97,122,219,42,23,26,57,59,275
558,1641767,2022-23,00,3585,Belmont,21.0,32,32,1098,216,455,0.475,80,193,0.415,91,133,0.684,20,147,167,93,44,5,70,66,603
559,1641767,2021-22,00,3585,Belmont,20.0,33,33,1038,191,385,0.496,72,194,0.371,82,114,0.719,28,101,129,54,41,6,44,64,536
560,1641767,2020-21,00,3585,Belmont,19.0,27,26,749,107,226,0.473,38,116,0.328,29,43,0.674,29,89,118,60,28,4,39,66,281
561,1641767,2019-20,00,3585,Belmont,18.0,32,0,344,32,83,0.386,12,43,0.279,18,27,0.667,11,60,71,18,13,3,24,49,94
562,1627783,2015-16,00,3209,New Mexico State,22.0,34,34,1176,274,509,0.538,3,15,0.2,137,202,0.678,132,263,395,57,34,92,75,67,688
563,1627783,2014-15,00,3209,New Mexico State,21.0,34,27,1048,166,290,0.572,0,2,0.0,104,137,0.759,111,151,262,45,28,88,61,64,436
564,1630579,2020-21,00,3601,Texas,22.0,26,26,639,94,135,0.696,0,0,,52,100,0.52,56,132,188,17,19,28,42,66,240
565,1630579,2019-20,00,3601,Texas,21.0,24,24,655,102,155,0.658,0,0,,29,49,0.592,69,127,196,19,10,29,36,67,233
566,1630579,2018-19,00,3601,Texas,20.0,35,16,522,58,102,0.569,0,0,,30,50,0.6,45,81,126,6,8,19,35,63,146
567,1630579,2017-18,00,3601,Texas,19.0,34,11,628,71,117,0.607,0,1,0.0,29,68,0.426,39,94,133,7,11,18,26,60,171
568,203935,2013-14,00,3392,Oklahoma State,20.0,31,31,1014,163,386,0.422,49,164,0.299,182,250,0.728,44,139,183,148,89,18,82,91,557
569,203935,2012-13,00,3392,Oklahoma State,19.0,33,33,1106,151,374,0.404,38,131,0.29,167,215,0.777,50,142,192,139,99,22,111,92,507
570,1630188,2019-20,00,2953,Maryland,20.0,31,31,977,168,312,0.538,32,87,0.368,111,148,0.75,99,227,326,25,22,73,53,73,479
571,1630188,2018-19,00,2953,Maryland,19.0,33,33,876,145,295,0.492,19,71,0.268,77,117,0.658,90,135,225,29,14,40,41,65,386
572,1631095,2021-22,00,2467,Auburn,19.0,34,34,979,183,427,0.429,79,188,0.42,131,164,0.799,32,220,252,68,37,35,63,70,576
573,1641733,2022-23,00,2494,Arkansas,19.0,17,14,438,76,202,0.376,24,71,0.338,37,50,0.74,4,24,28,29,14,2,27,26,213
574,1631110,2021-22,00,3654,Baylor,19.0,30,1,752,100,211,0.474,24,81,0.296,53,90,0.589,59,132,191,53,38,21,47,69,277
575,1630191,2019-20,00,3721,Washington,19.0,32,32,1032,192,337,0.57,5,20,0.25,154,199,0.774,88,193,281,27,17,66,71,84,543
576,1631124,2022-23,00,3722,Gonzaga,21.0,37,37,1155,190,405,0.469,80,196,0.408,104,134,0.776,28,203,231,49,31,16,56,78,564
577,1631124,2021-22,00,3722,Gonzaga,20.0,32,31,857,135,271,0.498,54,148,0.365,55,78,0.705,41,131,172,32,17,6,26,65,379
578,1631124,2020-21,00,3722,Gonzaga,19.0,25,0,188,30,58,0.517,9,28,0.321,16,23,0.696,10,20,30,1,4,1,11,21,85
579,1629622,2018-19,00,2741,DePaul,23.0,35,35,1310,232,541,0.429,113,311,0.363,128,152,0.842,39,168,207,77,33,17,70,103,705
580,1629622,2017-18,00,2741,DePaul,22.0,31,31,1104,171,419,0.408,81,243,0.333,98,122,0.803,48,127,175,85,40,16,82,90,521
581,1629622,2015-16,00,2778,Lewis,20.0,33,33,1195,216,475,0.455,67,186,0.36,167,203,0.823,46,232,278,117,39,26,110,94,666
582,1629622,2014-15,00,2778,Lewis,19.0,31,31,892,146,280,0.521,45,128,0.352,75,97,0.773,42,121,163,69,48,24,54,67,412
583,1630591,2020-21,00,3722,Gonzaga,20.0,30,30,871,155,308,0.503,35,104,0.337,86,114,0.754,18,142,160,136,57,10,88,78,431
584,1628369,2016-17,00,3111,Duke,19.0,29,29,966,165,365,0.452,40,117,0.342,118,139,0.849,39,174,213,62,39,33,76,86,488
585,202066,2008-09,00,2863,Louisiana State,23.0,35,35,1060,76,210,0.362,29,94,0.309,66,82,0.805,46,113,159,134,60,24,67,98,247
586,202066,2007-08,00,2863,Louisiana State,22.0,31,29,1066,61,155,0.394,22,73,0.301,54,69,0.783,28,103,131,111,41,24,73,91,198
587,202066,2006-07,00,2863,Louisiana State,21.0,32,32,1099,91,230,0.396,35,130,0.269,57,70,0.814,15,103,118,138,52,34,83,79,274
588,202066,2005-06,00,2863,Louisiana State,20.0,36,35,1207,65,194,0.335,27,109,0.248,25,37,0.676,18,76,94,99,38,31,70,87,182
589,1631207,2021-22,00,2507,Arizona,19.0,37,37,1029,115,229,0.502,28,77,0.364,39,53,0.736,43,136,179,145,46,12,51,84,297
590,1631207,2020-21,00,2507,Arizona,18.0,26,14,540,39,94,0.415,14,43,0.326,27,44,0.614,20,63,83,38,19,10,31,61,119
591,1630560,2020-21,00,2863,Louisiana State,19.0,29,29,986,203,500,0.406,68,209,0.325,194,220,0.882,18,80,98,42,25,6,49,40,668
592,202691,2010-11,00,3718,Washington State,21.0,34,33,1179,240,551,0.436,98,246,0.398,155,185,0.838,25,153,178,127,56,32,115,99,733
593,202691,2009-10,00,3718,Washington State,20.0,31,30,1096,200,485,0.412,76,209,0.364,133,166,0.801,37,122,159,70,44,22,104,75,609
594,202691,2008-09,00,3718,Washington State,19.0,33,33,1092,159,378,0.421,68,165,0.412,28,31,0.903,27,111,138,62,30,20,70,67,414
595,1629680,2018-19,00,3721,Washington,22.0,36,36,1118,112,270,0.415,46,151,0.305,57,67,0.851,27,84,111,77,126,82,66,100,327
596,1629680,2017-18,00,3721,Washington,21.0,34,34,1094,141,317,0.445,58,159,0.365,40,56,0.714,29,70,99,89,101,49,76,80,380
597,1629680,2016-17,00,3721,Washington,20.0,31,31,927,117,261,0.448,53,131,0.405,37,44,0.841,25,71,96,55,65,22,63,90,324
598,1629680,2015-16,00,3721,Washington,19.0,34,34,820,71,179,0.397,34,93,0.366,35,49,0.714,37,71,108,54,39,32,47,111,211
599,1641772,2022-23,00,2832,Kansas State,22.0,36,36,980,147,294,0.5,19,69,0.275,62,84,0.738,80,131,211,42,43,35,46,106,375
600,1630167,2019-20,00,3347,Dayton,22.0,31,31,983,245,387,0.633,32,82,0.39,99,141,0.702,37,197,234,67,30,38,68,51,621
601,1630167,2018-19,00,3347,Dayton,21.0,33,15,874,201,302,0.666,11,21,0.524,62,87,0.713,50,136,186,61,21,28,63,70,475
602,1626157,2014-15,00,2852,Kentucky,19.0,39,39,822,145,256,0.566,2,8,0.25,109,134,0.813,92,169,261,44,18,88,53,115,401
603,1631131,2022-23,00,2852,Kentucky,23.0,32,30,1072,195,348,0.56,0,2,0.0,137,188,0.729,184,253,437,50,52,32,65,93,527
604,1631131,2021-22,00,2852,Kentucky,22.0,34,34,1082,238,393,0.606,0,0,,114,165,0.691,179,336,515,36,60,55,66,88,590
605,1631131,2020-21,00,3769,West Virginia,21.0,10,10,200,34,65,0.523,0,0,,17,28,0.607,38,40,78,7,4,4,12,25,85
606,1631131,2019-20,00,3769,West Virginia,20.0,31,31,717,123,223,0.552,0,0,,102,144,0.708,128,159,287,11,23,32,53,85,348
607,1626167,2014-15,00,3601,Texas,19.0,34,7,755,117,257,0.455,17,62,0.274,94,112,0.839,44,178,222,20,10,89,47,82,345
608,1641816,2022-23,00,3526,Clemson,23.0,34,34,1181,172,359,0.479,83,205,0.405,93,111,0.838,44,281,325,50,32,4,35,60,520
609,1641816,2021-22,00,3526,Clemson,22.0,25,24,639,90,193,0.466,26,75,0.347,44,56,0.786,33,104,137,32,20,8,24,54,250
610,1641816,2020-21,00,3526,Clemson,21.0,19,12,321,47,101,0.465,22,51,0.431,27,35,0.771,12,67,79,6,9,6,17,28,143
611,1641816,2019-20,00,3526,Clemson,20.0,31,3,422,57,128,0.445,27,84,0.321,29,41,0.707,20,72,92,11,17,3,15,31,170
612,1641816,2018-19,00,3526,Clemson,19.0,31,0,258,16,63,0.254,11,47,0.234,6,9,0.667,6,26,32,12,2,8,6,18,49
613,1629020,2017-18,00,2852,Kentucky,19.0,14,0,238,29,68,0.426,0,1,0.0,24,38,0.632,46,64,110,14,6,11,15,37,82
614,1630170,2019-20,00,2653,Florida State,19.0,30,30,863,144,294,0.49,44,106,0.415,48,65,0.738,38,114,152,49,42,29,23,58,380
615,1630170,2018-19,00,2653,Florida State,18.0,33,0,353,52,119,0.437,26,62,0.419,19,28,0.679,13,38,51,21,18,10,12,30,149
616,202696,2010-11,00,2534,Southern California,20.0,34,34,1187,215,426,0.505,29,83,0.349,123,163,0.755,97,253,350,54,18,47,58,96,582
617,202696,2009-10,00,2534,Southern California,19.0,30,30,968,126,250,0.504,8,36,0.222,61,85,0.718,94,189,283,36,18,39,57,82,321
618,202696,2008-09,00,2534,Southern California,18.0,23,3,254,26,45,0.578,0,3,0.0,7,8,0.875,22,39,61,7,9,9,14,34,59
619,1630532,2020-21,00,2983,Michigan,19.0,28,28,886,124,260,0.477,35,102,0.343,66,79,0.835,20,163,183,84,35,29,36,62,349
620,1630532,2019-20,00,2983,Michigan,18.0,27,27,830,113,250,0.452,41,132,0.311,45,54,0.833,24,127,151,27,34,16,40,68,312
621,1629021,2017-18,00,2983,Michigan,21.0,39,39,1078,216,409,0.528,63,160,0.394,75,108,0.694,57,221,278,33,38,20,56,120,570
622,1629021,2016-17,00,2983,Michigan,20.0,38,38,908,168,300,0.56,45,114,0.395,77,106,0.726,51,107,158,20,39,14,54,102,458
623,1629021,2015-16,00,2983,Michigan,19.0,30,0,258,37,61,0.607,2,12,0.167,10,18,0.556,20,28,48,4,6,6,16,47,86
624,1631133,2021-22,00,2578,Colorado,19.0,33,33,927,160,347,0.461,36,104,0.346,127,162,0.784,68,242,310,41,24,22,76,83,483
625,1631133,2020-21,00,2578,Colorado,18.0,26,0,369,70,133,0.526,23,44,0.523,35,45,0.778,34,79,113,13,12,12,28,55,198
626,1641716,2022-23,00,3623,Houston,19.0,36,35,995,158,340,0.465,35,101,0.347,53,80,0.663,82,163,245,65,35,46,53,74,404
627,1641717,2022-23,00,2852,Kentucky,19.0,32,32,1025,139,312,0.446,44,127,0.346,53,70,0.757,30,89,119,136,63,15,67,78,375
628,1641775,2022-23,00,2494,Arkansas,19.0,36,22,878,94,217,0.433,20,72,0.278,47,66,0.712,43,98,141,33,40,17,37,105,255
629,1629023,2018-19,00,2852,Kentucky,20.0,35,33,1024,190,364,0.522,33,78,0.423,118,178,0.663,81,183,264,63,30,43,69,86,531
630,1629023,2017-18,00,2852,Kentucky,19.0,37,30,1012,135,260,0.519,5,21,0.238,126,208,0.606,67,144,211,57,28,31,71,100,401
631,1630570,2020-21,00,2863,Louisiana State,20.0,28,28,968,170,354,0.48,18,57,0.316,99,152,0.651,47,160,207,82,31,17,74,70,457
632,1630570,2019-20,00,2863,Louisiana State,19.0,31,30,978,157,321,0.489,18,67,0.269,89,132,0.674,66,158,224,53,28,22,82,67,421
633,1631212,2021-22,00,2535,California-Los Angeles,19.0,32,0,405,38,118,0.322,7,31,0.226,22,32,0.688,29,63,92,26,19,19,30,51,105
634,1631104,2021-22,00,2806,Notre Dame,19.0,35,28,1026,178,441,0.404,54,178,0.303,94,143,0.657,24,105,129,84,44,2,77,67,504
635,201566,2007-08,00,2535,California-Los Angeles,19.0,39,34,1318,182,391,0.465,26,77,0.338,107,150,0.713,61,92,153,167,63,7,96,93,497
636,201566,2006-07,00,2535,California-Los Angeles,18.0,36,1,325,48,105,0.457,9,22,0.409,17,31,0.548,8,20,28,24,14,1,25,35,122
637,1629632,2018-19,00,3104,North Carolina,19.0,35,35,999,188,444,0.423,82,232,0.353,104,130,0.8,12,112,124,143,38,11,93,68,562
638,1628401,2016-17,00,2578,Colorado,22.0,34,34,1116,205,404,0.507,57,144,0.396,148,182,0.813,35,104,139,148,42,49,81,73,615
639,1641715,2022-23,00,3670,Virginia,18.0,26,20,712,122,255,0.478,37,108,0.343,45,64,0.703,21,117,138,19,37,9,42,44,326
640,1630598,2020-21,00,2953,Maryland,22.0,31,30,1024,165,370,0.446,57,160,0.356,61,79,0.772,35,146,181,79,35,17,61,63,448
641,1630598,2019-20,00,2953,Maryland,21.0,31,16,886,113,300,0.377,53,167,0.317,43,60,0.717,35,116,151,44,26,13,50,48,322
642,1630598,2018-19,00,2953,Maryland,20.0,34,4,801,97,252,0.385,62,150,0.413,26,30,0.867,34,79,113,27,26,6,27,58,282
643,203952,2013-14,00,2828,Kansas,19.0,35,35,1148,189,422,0.448,43,126,0.341,176,227,0.775,76,129,205,54,41,34,80,94,597
644,1629684,2018-19,00,3575,Tennessee,20.0,37,37,1181,234,415,0.564,15,46,0.326,213,260,0.819,82,196,278,117,42,55,83,110,696
645,1629684,2017-18,00,3575,Tennessee,19.0,35,35,1007,183,387,0.473,3,25,0.12,162,212,0.764,81,130,211,66,21,44,74,116,531
646,1629684,2016-17,00,3575,Tennessee,18.0,32,29,814,132,262,0.504,12,32,0.375,126,189,0.667,94,95,189,36,26,61,62,105,402
647,1631114,2021-22,00,506,Nova,21.0,33,33,1150,219,427,0.513,42,106,0.396,114,141,0.809,19,127,146,137,39,18,69,85,594
648,1631114,2020-21,00,506,Nova,20.0,18,18,568,67,168,0.399,17,62,0.274,56,74,0.757,14,60,74,42,21,11,30,44,207
649,1631114,2019-20,00,506,Nova,19.0,33,23,841,89,204,0.436,31,88,0.352,45,59,0.763,10,84,94,62,44,17,36,86,254
650,1631119,2021-22,00,2494,Arkansas,20.0,37,35,1171,142,308,0.461,17,71,0.239,102,140,0.729,56,308,364,95,48,41,67,98,403
651,1631119,2020-21,00,2494,Arkansas,19.0,26,5,417,33,69,0.478,7,23,0.304,23,31,0.742,29,92,121,21,12,18,24,50,96
652,1629026,2017-18,00,3619,Texas Christian,23.0,32,32,1153,155,325,0.477,45,114,0.395,66,96,0.688,89,208,297,124,56,15,65,81,421
653,1629026,2016-17,00,3619,Texas Christian,22.0,37,36,1211,159,321,0.495,45,124,0.363,58,99,0.586,122,234,356,101,55,24,44,92,421
654,1629026,2014-15,00,3619,Texas Christian,20.0,33,17,917,102,214,0.477,11,31,0.355,68,112,0.607,93,128,221,46,30,32,36,80,283
655,1631109,2021-22,00,3111,Duke,20.0,39,39,919,191,265,0.721,0,1,0.0,56,77,0.727,101,188,289,35,19,110,36,80,438
656,1631109,2020-21,00,3111,Duke,19.0,23,15,349,71,107,0.664,0,0,,22,41,0.537,44,59,103,17,13,32,20,34,164
657,1630172,2019-20,00,2653,Florida State,18.0,29,0,654,95,207,0.459,16,50,0.32,62,74,0.838,38,78,116,29,29,30,50,47,268
658,1630533,2020-21,00,2571,Stanford,19.0,20,14,558,76,203,0.374,23,79,0.291,39,49,0.796,10,81,91,44,17,11,58,48,214
659,1629057,2017-18,00,3608,Texas A&M,20.0,30,23,769,139,220,0.632,0,12,0.0,33,70,0.471,71,206,277,43,24,75,52,66,311
660,1629057,2016-17,00,3608,Texas A&M,19.0,31,17,801,153,275,0.556,2,18,0.111,59,100,0.59,94,158,252,44,21,77,54,57,367
661,1631246,2021-22,00,3694,Virginia Commonwealth,21.0,30,29,973,137,287,0.477,65,168,0.387,83,102,0.814,27,152,179,91,48,32,86,87,422
662,1631246,2020-21,00,3694,Virginia Commonwealth,20.0,26,22,748,84,203,0.414,43,104,0.413,65,82,0.793,29,107,136,58,27,6,47,56,276
663,1631246,2019-20,00,3694,Virginia Commonwealth,19.0,21,3,342,27,79,0.342,6,30,0.2,29,36,0.806,18,40,58,21,21,8,27,45,89
664,1631246,2018-19,00,3694,Virginia Commonwealth,18.0,33,0,508,50,109,0.459,6,25,0.24,55,80,0.688,34,75,109,34,34,13,48,66,161
665,1629627,2018-19,00,3111,Duke,18.0,33,33,990,296,435,0.68,24,71,0.338,130,203,0.64,116,177,293,68,70,59,78,68,746
666,1630592,2022-23,00,2828,Kansas,22.0,36,36,1275,247,575,0.43,70,208,0.337,159,199,0.799,56,241,297,79,34,17,84,76,723
667,1630592,2021-22,00,2828,Kansas,21.0,37,27,1090,149,323,0.461,30,114,0.263,83,115,0.722,59,216,275,67,33,15,48,81,411
668,1630592,2020-21,00,2828,Kansas,20.0,29,26,822,113,273,0.414,40,120,0.333,75,119,0.63,64,166,230,58,12,9,56,48,341
669,1630592,2019-20,00,2828,Kansas,19.0,2,0,2,0,1,0.0,0,1,0.0,0,0,,0,0,0,0,0,0,1,1,0
670,1630164,2019-20,00,3581,Memphis,19.0,3,3,69,20,26,0.769,0,1,0.0,19,27,0.704,13,19,32,1,1,9,3,5,59
671,1627824,2015-16,00,3926,SPO Rouen Basket,20.0,34,17,975,145,269,0.539,26,61,0.426,75,98,0.765,87,145,232,36,37,15,84,55,391
672,1629027,2017-18,00,3389,Oklahoma,19.0,32,32,1133,261,618,0.422,118,328,0.36,236,274,0.861,14,111,125,279,54,8,167,57,876
673,1627826,2015-16,00,3924,KK Mega Vizura,19.0,20,11,397,87,163,0.534,0,0,,26,34,0.765,35,58,93,11,12,26,23,49,200
