,PLAYER_ID,PLAYER_NAME,SCHOOL
0,1630173,Precious Achiuwa,Memphis
1,203500,Steven Adams,Pittsburgh
2,1628389,Bam Adebayo,Kentucky
3,1630534,Ochai Agbaji,Kansas
4,1630583,Santi Aldama,Loyola-Maryland
5,1641725,Trey Alexander,Creighton
6,1629638,Nickeil Alexander-Walker,Virginia Tech
7,1628960,Grayson Allen,Duke
8,1628386,Jarrett Allen,Texas
9,1630631,Jose Alvarado,Georgia Tech
10,203937,Kyle Anderson,UCLA
11,1630828,Alex Antetokounmpo,                                   
12,203507,Giannis Antetokounmpo,Filathlitikos
13,203648,Thanasis Antetokounmpo,Panathinaikos
14,1630175,Cole Anthony,North Carolina
15,1628384,OG Anunoby,Indiana
16,1630166,Deni Avdija,Maccabi Tel Aviv
17,1629028,Deandre Ayton,Arizona
18,1628963,Marvin Bagley III,Duke
19,1642846,Ace Bailey,Rutgers
20,1630163,LaMelo Ball,Illawarra
21,1628366,Lonzo Ball,UCLA
22,1631094,Paolo Banchero,Duke
23,1630217,Desmond Bane,TCU
24,1631230,Dominick Barlow,Overtime Elite
25,203084,Harrison Barnes,North Carolina
26,1630567,Scottie Barnes,Florida State
27,1642964,Brooks Barnhizer,Northwestern
28,1629628,RJ Barrett,Duke
29,1629646,Charles Bassey,Western Kentucky
30,,,Missouri
31,1642419,Jamison Battle,Ohio State
32,201587,Nicolas Batum,Le Mans
33,203078,Bradley Beal,Florida
34,1642866,Joan Beringer,
35,1630180,Saddiq Bey,Villanova
36,1629048,Goga Bitadze,Mega Basket
37,202687,Bismack Biyombo,Baloncesto Fuenlabrada
38,1641710,Anthony Black,Arkansas
39,203992,Bogdan Bogdanović,Fenerbahce
40,1641737,Adem Bona,UCLA
41,1626164,Devin Booker,Kentucky
42,1628449,Chris Boucher,Oregon
43,1628396,Tony Bradley,North Carolina
44,1631103,Malaki Branham,Ohio State
45,1631128,Christian Braun,Kansas
46,1642886,Koby Brea,Kentucky
47,1628969,Mikal Bridges,Villanova
48,1628970,Miles Bridges,Michigan State
49,1628415,Dillon Brooks,Oregon
50,1641780,Johni Broome,Auburn
51,1628971,Bruce Brown,Miami
52,1627759,Jaylen Brown,California
53,1641738,Kobe Brown,Missouri
54,1628973,Jalen Brunson,Villanova
55,1642868,Carter Bryant,Arizona
56,1628418,Thomas Bryant,Indiana
57,202710,Jimmy Butler III,Marquette
58,1641824,Matas Buzelis,NBA G League Ignite
59,1631288,Jamal Cain,Oakland
60,203484,Kentavious Caldwell-Pope,Georgia
61,1641739,Toumani Camara,Dayton
62,203991,Clint Capela,Elan Chalon
63,1642928,Dylan Cardwell,Auburn
64,1642382,Branden Carlson,Utah
65,1642267,Bub Carrington,Pittsburgh
66,1642269,Devin Carter,Providence
67,1628975,Jevon Carter,West Virginia
68,1628976,Wendell Carter Jr.,Duke
69,1627936,Alex Caruso,Texas A&M
70,1642264,Stephon Castle,Connecticut
71,1630658,Colin Castleton,Florida
72,1630577,Julian Champagnie,St. John's
73,1630551,Justin Champagnie,Pittsburgh
74,1642353,Cam Christie,Minnesota
75,1631108,Max Christie,Michigan State
76,1630619,Moussa Cisse,Memphis
77,1631321,Sidy Cissoko,NBA G League Ignite
78,1641740,Jaylen Clark,UCLA
79,1629634,Brandon Clarke,Gonzaga
80,203903,Jordan Clarkson,Missouri
81,1629651,Nic Claxton,Georgia
82,1642383,Walter Clayton Jr.,Florida
83,1642363,Nique Clifford,Colorado State
84,1642270,Donovan Clingan,Connecticut
85,1641730,Noah Clowney,Alabama
86,1629599,Amir Coffey,Minnesota
87,1642268,Isaiah Collier,Southern California
88,1628381,John Collins,Wake Forest
89,1628380,Zach Collins,Gonzaga
90,201144,Mike Conley,Ohio State
91,1626192,Pat Connaughton,Notre Dame
92,1631451,Javonte Cooke,Winston-Salem
93,1630536,Sharife Cooper,Auburn
94,1641731,Bilal Coulibaly,Metropolitans 92
95,1642907,Cedric Coward,Washington State
96,1642384,Isaiah Crawford,Louisiana Tech
97,1630595,Cade Cunningham,Oklahoma State
98,201939,Stephen Curry,Davidson
99,1642359,Pacôme Dadiet,Ratiopharm Ulm
100,1630700,Dyson Daniels,NBA G League Ignite
101,1642368,N'Faly Dante,Oregon
102,203076,Anthony Davis,Kentucky
103,1631120,JD Davison,Alabama
104,201942,DeMar DeRozan,Southern California
105,1642484,RayJ Dennis,Baylor
106,1628978,Donte DiVincenzo,Villanova
107,1631217,Moussa Diabaté,Michigan
108,1642885,Mohamed Diawara,
109,1641711,Gradey Dick,Kansas
110,1630621,Hunter Dickinson,Kansas
111,1631172,Ousmane Dieng,New Zealand Breakers
112,1642265,Rob Dillingham,Kentucky
113,1629029,Luka Dončić,Real Madrid
114,1629652,Luguentz Dort,Arizona State
115,1630245,Ayo Dosunmu,Illinois
116,203083,Andre Drummond,Connecticut
117,1627739,Kris Dunn,Providence
118,1642346,Ryan Dunn,Virginia
119,201142,Kevin Durant,Texas
120,1631105,Jalen Duren,Memphis
121,1642856,Egor Dëmin,Brigham Young
122,1631106,Tari Eason,Louisiana State
123,1641744,Zach Edey,Purdue
124,1642845,VJ Edgecombe,Baylor
125,1630162,Anthony Edwards,Georgia
126,1642348,Justin Edwards,Kentucky
127,1631165,Keon Ellis,Alabama
128,203954,Joel Embiid,Kansas
129,1642855,Noa Essengue,
130,1630623,Tyson Etienne,Wichita State
131,1629234,Drew Eubanks,Oregon State
132,1641787,Tosan Evbuomwan,Princeton
133,203957,Dante Exum,Australian Institute of Sport
134,1642847,Jeremiah Fears,Oklahoma
135,1642271,Kyle Filipowski,Duke
136,1627827,Dorian Finney-Smith,Florida
137,1642843,Cooper Flagg,Duke
138,1642853,Rasheer Fleming,St. Joseph's (PA)
139,1642280,Trentyn Flowers,Adelaide
140,1631323,Simone Fontecchio,Baskonia
141,1628368,De'Aaron Fox,Kentucky
142,1642402,Enrique Freeman,Akron
143,1642277,Johnny Furphy,Kansas
144,1629655,Daniel Gafford,Arkansas
145,1642066,Myron Gardner,Arkansas-Little Rock
146,1629636,Darius Garland,Vanderbilt
147,1630568,Luka Garza,Iowa
148,1641718,Keyonte George,Baylor
149,1642273,Kyshawn George,Miami
150,202331,Paul George,Fresno State
151,1630581,Josh Giddey,NBA Global Academy
152,1628983,Shai Gilgeous-Alexander,Kentucky
153,1630264,Anthony Gill,Virginia
154,1631221,Collin Gillespie,Villanova
155,203497,Rudy Gobert,Cholet
156,1642884,Vladislav Goldin,Michigan
157,1642864,Hugo González,Real Madrid
158,1630692,Jordan Goodwin,St. Louis
159,203932,Aaron Gordon,Arizona
160,201569,Eric Gordon,Indiana
161,203924,Jerami Grant,Syracuse
162,1631260,AJ Green,Northern Iowa
163,203110,Draymond Green,Michigan State
164,1630224,Jalen Green,NBA G League Ignite
165,1629750,Javonte Green,Radford
166,201145,Jeff Green,Georgetown
167,1630182,Josh Green,Arizona
168,1629656,Quentin Grimes,Houston
169,1631243,Mouhamed Gueye,Washington State
170,1629060,Rui Hachimura,Gonzaga
171,1630169,Tyrese Haliburton,Iowa State
172,1641790,PJ Hall,Clemson
173,203501,Tim Hardaway Jr.,Michigan
174,201935,James Harden,Arizona State
175,1630702,Jaden Hardy,NBA G League Ignite
176,1641989,Elijah Harkless,UNLV
177,1642844,Dylan Harper,Rutgers
178,1631199,Ron Harper Jr.,Rutgers
179,203914,Gary Harris,Michigan State
180,1630284,Kevon Harris,Stephen F. Austin
181,202699,Tobias Harris,Tennessee
182,1628404,Josh Hart,Villanova
183,1628392,Isaiah Hartenstein,Zalgiris
184,1630573,Sam Hauser,Virginia
185,1641722,Jordan Hawkins,Connecticut
186,1629637,Jaxson Hayes,Texas
187,1628502,Nigel Hayes-Davis,Wisconsin
188,1630703,Scoot Henderson,NBA G League Ignite
189,1641707,Taylor Hendricks,Central Florida
190,1642935,Chucky Hepburn,Louisville
191,1629639,Tyler Herro,Kentucky
192,1627741,Buddy Hield,Oklahoma
193,1629312,Haywood Highsmith,Wheeling Jesuit
194,1628988,Aaron Holiday,UCLA
195,201950,Jrue Holiday,UCLA
196,1641842,Ronald Holland II,NBA G League Ignite
197,1641747,DaRon Holmes II,Dayton
198,1631096,Chet Holmgren,Gonzaga
199,201143,Al Horford,Florida
200,1631216,Caleb Houstan,Michigan
201,1641724,Jett Howard,Michigan
202,1628989,Kevin Huerter,Maryland
203,1630643,Jay Huff,Virginia
204,1630574,Ariel Hukporti,Riesen Ludwigsburg
205,1629631,De'Andre Hunter,Virginia
206,1643047,CJ Huntley,Appalachian State
207,1630538,Bones Hyland,Virginia Commonwealth
208,1642345,Oso Ighodaro,Marquette
209,204060,Joe Ingles,Maccabi Tel Aviv
210,1627742,Brandon Ingram,Duke
211,1631127,Harrison Ingram,North Carolina
212,202681,Kyrie Irving,Duke
213,1628371,Jonathan Isaac,Florida State
214,1631093,Jaden Ivey,Purdue
215,1641713,GG Jackson,South Carolina
216,1630543,Isaiah Jackson,Kentucky
217,1631245,Quenton Jackson,Texas A&M
218,1641748,Andre Jackson Jr.,Connecticut
219,1628991,Jaren Jackson Jr.,Michigan State
220,1631218,Trayce Jackson-Davis,Indiana
221,1642857,Kasparas Jakučionis,Illinois-Urbana-Champaign
222,1642355,Bronny James,Southern California
223,2544,LeBron James,St. Vincent-St. Mary HS (OH)
224,1642883,Sion James,Duke
225,1631170,Jaime Jaquez Jr.,UCLA
226,1641998,Trey Jemison III,Alabama-Birmingham
227,1642450,Daniss Jenkins,St. John's
228,1629660,Ty Jerome,Virginia
229,1630198,Isaiah Joe,Arkansas
230,1642358,AJ Johnson,Illawarra
231,1629661,Cameron Johnson,North Carolina
232,1630552,Jalen Johnson,Duke
233,1629640,Keldon Johnson,Kentucky
234,1642352,Keshad Johnson,Arizona
235,1642848,Tre Johnson,Texas
236,203999,Nikola Jokić,Mega Basket
237,1641732,Colby Jones,Xavier
238,1642938,Curtis Jones,Iowa State
239,1630529,Herbert Jones,Alabama
240,1642403,Isaac Jones,Washington State
241,1642880,Kam Jones,Marquette
242,1642461,Spencer Jones,Stanford
243,1630200,Tre Jones,Duke
244,1626145,Tyus Jones,Duke
245,1642357,David Jones Garcia,Memphis
246,1627884,Derrick Jones Jr.,UNLV
247,201599,DeAndre Jordan,Texas A&M
248,1631107,Nikola Jović,Mega Basket
249,1630548,Johnny Juzang,UCLA
250,1641750,Ryan Kalkbrenner,Creighton
251,1642939,Miles Kelly,Auburn
252,1628379,Luke Kennard,Duke
253,1631117,Walker Kessler,Auburn
254,1630557,Corey Kispert,Gonzaga
255,1628467,Maxi Kleber,Bayern Munich
256,1641752,Bobi Klintman,Wake Forest
257,1642261,Dalton Knecht,Tennessee
258,1642851,Kon Knueppel,Duke
259,1642278,Tyler Kolek,Marquette
260,1631132,Christian Koloko,Arizona
261,1629723,John Konchar,Indiana-Purdue Fort Wayne
262,1628436,Luke Kornet,Vanderbilt
263,1630249,Vít Krejčí,Zaragoza
264,1630228,Jonathan Kuminga,NBA G League Ignite
265,1628398,Kyle Kuzma,Utah
266,1631222,Jake LaRavia,Wake Forest
267,203897,Zach LaVine,UCLA
268,1629111,Jock Landale,St. Mary's
269,1642404,Chaz Lanier,Tennessee
270,1641796,Pelle Larsson,Arizona
271,1630639,A.J. Lawson,South Carolina
272,1627747,Caris LeVert,Michigan
273,202695,Kawhi Leonard,San Diego State
274,1630604,E.J. Liddell,Ohio State
275,203081,Damian Lillard,Weber State
276,1641726,Dereck Lively II,Duke
277,1630587,Isaiah Livers,Michigan
278,1641753,Chris Livingston,Kentucky
279,1626172,Kevon Looney,UCLA
280,201572,Brook Lopez,Stanford
281,1631126,Caleb Love,Arizona
282,201567,Kevin Love,UCLA
283,200768,Kyle Lowry,Villanova
284,1642863,Khaman Maluach,Duke
285,1630572,Sandro Mamukelashvili,Seton Hall
286,1629611,Terance Mann,Florida State
287,1630544,Tre Mann,Florida
288,1628374,Lauri Markkanen,Arizona
289,1630230,Naji Marshall,Xavier
290,1642918,Alijah Martin,Florida
291,1628997,Caleb Martin,Nevada
292,1628998,Cody Martin,Nevada
293,1631213,Tyrese Martin,Connecticut
294,1631097,Bennedict Mathurin,Arizona
295,1631255,Karlo Matković,Mega Basket
296,1630178,Tyrese Maxey,Kentucky
297,1643024,Chris Mañon,Vanderbilt
298,1630540,Miles McBride,West Virginia
299,1642272,Jared McCain,Duke
300,1630644,Mac McClung,Texas Tech
301,203468,CJ McCollum,Lehigh
302,204456,T.J. McConnell,Arizona
303,1641755,Kevin McCullar Jr.,Kansas
304,1630183,Jaden McDaniels,Washington
305,203926,Doug McDermott,Creighton
306,1631121,Bryce McGowens,Nebraska
307,1629162,Jordan McLaughlin,Southern California
308,1642862,Liam McNeeley,Connecticut
309,1629001,De'Anthony Melton,Southern California
310,1630241,Sam Merrill,Utah State
311,203114,Khris Middleton,Texas A&M
312,1641706,Brandon Miller,Alabama
313,1641801,Emanuel Miller,TCU
314,1641757,Jordan Miller,Miami
315,1631159,Leonard Miller,NBA G League Ignite
316,1642434,Riley Minix,Morehead State
317,1631169,Josh Minott,Memphis
318,1642274,Yves Missi,Baylor
319,1642349,Ajay Mitchell,California-Santa Barbara
320,1630558,Davion Mitchell,Baylor
321,1628378,Donovan Mitchell,Louisville
322,1630596,Evan Mobley,Southern California
323,1642367,Jonathan Mogbo,San Francisco
324,1628370,Malik Monk,Kentucky
325,1630541,Moses Moody,Arkansas
326,1631111,Wendell Moore Jr.,Duke
327,1629630,Ja Morant,Murray State
328,1628420,Monte Morris,Iowa State
329,1630530,Trey Murphy III,Virginia
330,1627749,Dejounte Murray,Washington
331,1627750,Jamal Murray,Kentucky
332,1631099,Keegan Murray,Iowa
333,1631200,Kris Murray,Iowa
334,1642867,Collin Murray-Boyles,South Carolina
335,1629004,Svi Mykhailiuk,Kansas
336,1631250,Pete Nance,Northwestern
337,1626204,Larry Nance Jr.,Wyoming
338,,,Real Madrid
339,1629614,Andrew Nembhard,Gonzaga
340,1642948,Ryan Nembhard,Gonzaga
341,1630174,Aaron Nesmith,Vanderbilt
342,1642854,Asa Newell,Georgia
343,1627777,Georges Niang,Iowa State
344,1642949,Yanic Konan Niederhäuser,Penn State
345,1630192,Zeke Nnaji,Arizona
346,203994,Jusuf Nurkić,Cedevita
347,1626220,Royce O'Neale,Baylor
348,1629006,Josh Okogie,Georgia Tech
349,1630168,Onyeka Okongwu,Southern California
350,1630171,Isaac Okoro,Auburn
351,1642950,Lachlan Olbrich,Illawarra
352,203482,Kelly Olynyk,Gonzaga
353,1626162,Kelly Oubre Jr.,Kansas
354,101108,Chris Paul,Wake Forest
355,1627780,Gary Payton II,Oregon State
356,1642877,Micah Peavy,Georgetown
357,1642869,Noah Penda,
358,1643007,Taelon Peter,Liberty
359,1641809,Drew Peterson,USC
360,1641763,Julian Phillips,Tennessee
361,1629618,Jalen Pickett,Penn State
362,1630590,Scotty Pippen Jr.,Vanderbilt
363,1631342,Daeqwon Plowden,Bowling Green
364,203486,Mason Plumlee,Duke
365,1641764,Brandin Podziemski,Santa Clara
366,1627751,Jakob Poeltl,Utah
367,1629673,Jordan Poole,Michigan
368,1641854,Craig Porter Jr.,Wichita State
369,1629645,Kevin Porter Jr.,Southern California
370,1629008,Michael Porter Jr.,Missouri
371,1626171,Bobby Portis,Arkansas
372,204001,Kristaps Porziņģis,Cajasol Sevilla
373,1642366,Quinten Post,Boston College
374,1642962,Drake Powell,North Carolina
375,203939,Dwight Powell,Stanford
376,1626181,Norman Powell,UCLA
377,1627752,Taurean Prince,Baylor
378,1630202,Payton Pritchard,Oregon
379,1642878,Tyrese Proctor,Duke
380,1641765,Olivier-Maxence Prosper,Marquette
381,1642852,Derik Queen,Maryland
382,1629674,Neemias Queta,Utah State
383,1630193,Immanuel Quickley,Kentucky
384,203944,Julius Randle,Kentucky
385,1642875,Maxime Raynaud,Stanford
386,1641871,Duop Reath,Louisiana State
387,1630559,Austin Reaves,Oklahoma
388,1630194,Paul Reed,DePaul
389,1641810,Antonio Reeves,Kentucky
390,1629675,Naz Reid,Louisiana State
391,1642954,Will Richard,Florida
392,1630208,Nick Richards,Kentucky
393,1642859,Jase Richardson,Michigan State
394,1642860,Will Riley,Illinois-Urbana-Champaign
395,1642258,Zaccharie Risacher,JL Bourg-en-Bresse
396,1629130,Duncan Robinson,Michigan
397,1629011,Mitchell Robinson,Western Kentucky
398,1631115,Orlando Robinson,Fresno State
399,1630526,Jeremiah Robinson-Earl,Villanova
400,1631157,Ryan Rollins,Toledo
401,1642050,Jackson Rowe,Cal State-Fullerton
402,1626179,Terry Rozier,Louisville
403,1641712,Rayan Rupert,New Zealand Breakers
404,1626156,D'Angelo Russell,Ohio State
405,1627734,Domantas Sabonis,Gonzaga
406,1642275,Tidjane Salaün,Cholet
407,1642282,Hunter Sallis,Wake Forest
408,1642920,Kobe Sanders,Nevada
409,1630611,Gui Santos,Minas
410,1642879,Ben Saraf,Ratiopharm Ulm
411,1642259,Alex Sarr,Washington Wizards
412,1631204,Marcus Sasser,Houston
413,1631248,Baylor Scheierman,Creighton
414,203471,Dennis Schröder,Braunschweig
415,1641813,Mark Sears,Alabama
416,1630578,Alperen Sengun,Besiktas
417,1641729,Brice Sensabaugh,Ohio State
418,1629012,Collin Sexton,Alabama
419,1629013,Landry Shamet,Wichita State
420,1630545,Terrence Shannon Jr.,Illinois
421,1630549,Day'Ron Sharpe,North Carolina
422,1631101,Shaedon Sharpe,Kentucky
423,1642347,Jamal Shead,Houston
424,1641767,Ben Sheppard,Belmont
425,1642263,Reed Sheppard,Kentucky
426,1642917,Max Shulga,Virginia Commonwealth
427,1627783,Pascal Siakam,New Mexico State
428,1629014,Anfernee Simons,Edgewater HS (FL)
429,1642354,KJ Simpson,Colorado
430,1630579,Jericho Sims,Texas
431,1642914,Javon Small,West Virginia
432,203935,Marcus Smart,Oklahoma State
433,1630696,Dru Smith,Missouri
434,1630188,Jalen Smith,Maryland
435,1642449,Tolu Smith,Mississippi State
436,1631095,Jabari Smith Jr.,Auburn
437,1641733,Nick Smith Jr.,Arkansas
438,1631110,Jeremy Sochan,Baylor
439,,,Georgetown
440,1642285,Cam Spencer,Connecticut
441,1630311,Pat Spencer,Northwestern
442,1641815,Isaiah Stevens,Colorado State
443,1630191,Isaiah Stewart,Washington
444,1631124,Julian Strawther,Gonzaga
445,1629622,Max Strus,DePaul
446,1630591,Jalen Suggs,Gonzaga
447,1630256,Jae'Sean Tate,Ohio State
448,1628369,Jayson Tatum,Duke
449,1643141,Jahmyl Telfort,
450,202066,Garrett Temple,Louisiana State
451,1631207,Dalen Terry,Arizona
452,1642876,Adou Thiero,Arkansas
453,1630560,Cam Thomas,Louisiana State
454,1641708,Amen Thompson,Overtime Elite
455,1641709,Ausar Thompson,Overtime Elite
456,202691,Klay Thompson,Washington State
457,1629680,Matisse Thybulle,Washington
458,1630214,Xavier Tillman,Michigan State
459,1641772,Nae'Qwan Tomlin,Memphis
460,1642910,John Tonje,Wisconsin
461,,,Sydney Kings
462,1642260,Nikola Topić,Crvena zvezda
463,1631210,Jacob Toppin,Kentucky
464,1630167,Obi Toppin,Dayton
465,1626157,Karl-Anthony Towns,Kentucky
466,1642849,Nolan Traore,Saint-Quentin
467,1631247,Luke Travers,Rockingham Flames (Aus.)
468,1629018,Gary Trent Jr.,Duke
469,1631131,Oscar Tshiebwe,Kentucky
470,1626167,Myles Turner,Texas
471,1641816,Hunter Tyson,Clemson
472,1642281,Jaylon Tyson,California
473,202685,Jonas Valančiūnas,Lietuvos rytas Vilnius
474,1627832,Fred VanVleet,Wichita State
475,1629020,Jarred Vanderbilt,Kentucky
476,1630170,Devin Vassell,Florida State
477,1629216,Gabe Vincent,California-Santa Barbara
478,1641774,Tristan Vukcevic,Real Madrid
479,202696,Nikola Vučević,Southern California
480,1629731,Dean Wade,Kansas State
481,1630532,Franz Wagner,Michigan
482,1629021,Moritz Wagner,Michigan
483,1631133,Jabari Walker,Colorado
484,1641716,Jarace Walker,Houston
485,1641717,Cason Wallace,Kentucky
486,1630811,Keaton Wallace,Texas-San Antonio
487,1641775,Jordan Walsh,Arkansas
488,1642266,Ja'Kobe Walter,Baylor
489,1642276,Kel'el Ware,Indiana
490,1629023,P.J. Washington,Kentucky
491,1630322,Lindy Waters III,Oklahoma State
492,1630570,Trendon Watford,Louisiana State
493,1642364,Jamir Watkins,Florida State
494,1631212,Peyton Watson,UCLA
495,1642377,Jaylen Wells,Washington State
496,1641705,Victor Wembanyama,Metropolitans 92
497,1631104,Blake Wesley,Notre Dame
498,201566,Russell Westbrook,UCLA
499,1629632,Coby White,North Carolina
500,1628401,Derrick White,Colorado
501,1641715,Cam Whitmore,Villanova
502,1630598,Aaron Wiggins,Maryland
503,203952,Andrew Wiggins,Kansas
504,1642873,Amari Williams,Kentucky
505,1630314,Brandon Williams,Arizona
506,1642262,Cody Williams,Colorado
507,1629684,Grant Williams,Tennessee
508,1631114,Jalen Williams,Santa Clara
509,1631119,Jaylin Williams,Arkansas
510,1629026,Kenrich Williams,TCU
511,1631109,Mark Williams,Duke
512,1630172,Patrick Williams,Florida State
513,1630533,Ziaire Williams,Stanford
514,1629057,Robert Williams III,Texas A&M
515,1631246,Vince Williams Jr.,Va Commonwealth
516,1629627,Zion Williamson,Duke
517,1630592,Jalen Wilson,Kansas
518,1630164,James Wiseman,Memphis
519,1642874,Danny Wolf,Michigan
520,1627824,Guerschon Yabusele,"Rouen, France"
521,1642905,Yang Hansen,
522,1642443,Jahmir Young,Maryland
523,1629027,Trae Young,Oklahoma
524,1642959,Chris Youngblood,Alabama
525,1642911,Rocco Zikarsky,
526,1627826,Ivica Zubac,Mega Basket
527,1641783,Tristan da Silva,Colorado
528,,,Mega Basket
529,203967,Dario Saric,Anadolu Efes
