,PLAYER_ID,PLAYER_NAME,TimeFrame,PTS,AST,REB,PIE,ALL_STAR_APPEARANCES
0,1630173,Precious Achiuwa,2025-26,10.1,1.4,6.7,0.0,
1,203500,Steven Adams,2025-26,5.8,1.5,8.6,0.0,
2,1628389,Bam Adebayo,2025-26,20.1,3.2,10.0,0.0,
3,1630534,Ochai Agbaji,2025-26,5.1,0.8,2.3,0.0,
4,1630583,Santi Aldama,2025-26,14.0,2.9,6.7,0.0,
5,1641725,Trey Alexander,2025-26,5.2,1.0,1.2,0.0,
6,1629638,Nickeil Alexander-Walker,2025-26,20.8,3.7,3.4,0.0,
7,1628960,Grayson Allen,2025-26,16.5,3.8,3.0,0.0,
8,1628386,Jarrett Allen,2025-26,15.4,1.8,8.5,0.0,
9,1630631,Jose Alvarado,2025-26,7.4,3.4,2.5,0.0,
10,203937,Kyle Anderson,2025-26,6.2,2.9,3.5,0.0,
11,1630828,Alex Antetokounmpo,2025-26,3.2,0.2,1.0,0.0,
12,203507,Giannis Antetokounmpo,2025-26,27.6,5.4,9.8,0.0,
13,203648,Thanasis Antetokounmpo,2025-26,1.4,0.4,0.9,0.0,
14,1630175,Cole Anthony,2025-26,6.7,3.5,2.5,0.0,
15,1628384,OG Anunoby,2025-26,16.7,2.2,5.2,0.0,
16,1630166,Deni Avdija,2025-26,24.2,6.7,6.9,0.0,
17,1629028,Deandre Ayton,2025-26,12.5,0.8,8.0,0.0,
18,1628963,Marvin Bagley III,2025-26,10.5,1.4,6.1,0.0,
19,1642846,Ace Bailey,2025-26,13.8,1.8,4.2,0.0,
20,1630163,LaMelo Ball,2025-26,20.1,7.1,4.8,0.0,
21,1628366,Lonzo Ball,2025-26,4.6,3.9,4.0,0.0,
22,1631094,Paolo Banchero,2025-26,22.2,5.2,8.4,0.0,
23,1630217,Desmond Bane,2025-26,20.1,4.1,4.1,0.0,
24,1631230,Dominick Barlow,2025-26,7.7,1.2,4.8,0.0,
25,203084,Harrison Barnes,2025-26,9.9,1.9,2.8,0.0,
26,1630567,Scottie Barnes,2025-26,18.1,5.9,7.5,0.0,
27,1642964,Brooks Barnhizer,2025-26,1.7,0.6,2.0,0.0,
28,1629628,RJ Barrett,2025-26,19.3,3.3,5.3,0.0,
29,1629646,Charles Bassey,2025-26,5.8,0.5,4.4,0.0,
30,1642419,Jamison Battle,2025-26,3.1,0.4,1.5,0.0,
31,201587,Nicolas Batum,2025-26,4.0,0.9,2.5,0.0,
32,203078,Bradley Beal,2025-26,8.2,1.7,0.8,0.0,
33,1642866,Joan Beringer,2025-26,3.9,0.3,2.3,0.0,
34,1630180,Saddiq Bey,2025-26,17.7,2.5,5.6,0.0,
35,1629048,Goga Bitadze,2025-26,5.9,1.3,5.0,0.0,
36,202687,Bismack Biyombo,2025-26,0.9,0.2,1.0,0.0,
37,1641710,Anthony Black,2025-26,15.0,3.7,3.8,0.0,
38,203992,Bogdan Bogdanović,2025-26,7.4,2.2,2.6,0.0,
39,1641737,Adem Bona,2025-26,4.8,0.5,4.3,0.0,
40,1626164,Devin Booker,2025-26,26.1,6.0,3.9,0.0,
41,1628449,Chris Boucher,2025-26,2.3,0.3,2.0,0.0,
42,1628396,Tony Bradley,2025-26,4.0,0.5,2.8,0.0,
43,1631103,Malaki Branham,2025-26,4.6,0.8,1.6,0.0,
44,1631128,Christian Braun,2025-26,12.0,2.7,4.8,0.0,
45,1642886,Koby Brea,2025-26,3.8,0.8,0.7,0.0,
46,1628969,Mikal Bridges,2025-26,14.4,3.7,3.8,0.0,
47,1628970,Miles Bridges,2025-26,17.1,3.2,5.8,0.0,
48,1628415,Dillon Brooks,2025-26,20.2,1.8,3.6,0.0,
49,1641780,Johni Broome,2025-26,0.9,0.4,1.5,0.0,
50,1628971,Bruce Brown,2025-26,7.9,2.1,3.9,0.0,
51,1627759,Jaylen Brown,2025-26,28.7,5.1,6.9,0.0,
52,1641738,Kobe Brown,2025-26,5.8,1.3,3.0,0.0,
53,1628973,Jalen Brunson,2025-26,26.0,6.8,3.3,0.0,
54,1642868,Carter Bryant,2025-26,4.2,0.7,2.5,0.0,
55,1628418,Thomas Bryant,2025-26,6.2,0.6,3.4,0.0,
56,202710,Jimmy Butler III,2025-26,20.0,4.9,5.6,0.0,
57,1641824,Matas Buzelis,2025-26,16.3,2.1,5.8,0.0,
58,1631288,Jamal Cain,2025-26,5.4,0.7,2.0,0.0,
59,203484,Kentavious Caldwell-Pope,2025-26,8.4,2.7,2.5,0.0,
60,1641739,Toumani Camara,2025-26,13.4,2.5,5.1,0.0,
61,203991,Clint Capela,2025-26,3.8,0.7,4.6,0.0,
62,1642928,Dylan Cardwell,2025-26,5.4,1.4,7.5,0.0,
63,1642382,Branden Carlson,2025-26,5.8,0.7,3.0,0.0,
64,1642267,Bub Carrington,2025-26,10.7,4.6,3.4,0.0,
65,1642269,Devin Carter,2025-26,8.9,2.7,3.3,0.0,
66,1628975,Jevon Carter,2025-26,6.4,1.6,1.7,0.0,
67,1628976,Wendell Carter Jr.,2025-26,11.8,2.0,7.4,0.0,
68,1627936,Alex Caruso,2025-26,6.2,2.0,2.8,0.0,
69,1642264,Stephon Castle,2025-26,16.7,7.4,5.3,0.0,
70,1630658,Colin Castleton,2025-26,1.3,0.3,2.0,0.0,
71,1630577,Julian Champagnie,2025-26,11.1,1.5,5.8,0.0,
72,1630551,Justin Champagnie,2025-26,8.7,1.2,5.6,0.0,
73,1642353,Cam Christie,2025-26,2.8,0.6,1.4,0.0,
74,1631108,Max Christie,2025-26,12.3,2.0,3.2,0.0,
75,1630619,Moussa Cisse,2025-26,4.5,0.2,5.7,0.0,
76,1631321,Sidy Cissoko,2025-26,5.1,1.5,2.2,0.0,
77,1641740,Jaylen Clark,2025-26,4.0,0.6,1.8,0.0,
78,1629634,Brandon Clarke,2025-26,4.0,0.5,3.0,0.0,
79,203903,Jordan Clarkson,2025-26,8.6,1.3,1.8,0.0,
80,1629651,Nic Claxton,2025-26,11.7,3.7,6.9,0.0,
81,1642383,Walter Clayton Jr.,2025-26,7.8,4.0,2.0,0.0,
82,1642363,Nique Clifford,2025-26,8.6,2.4,3.8,0.0,
83,1642270,Donovan Clingan,2025-26,12.1,2.1,11.6,0.0,
84,1641730,Noah Clowney,2025-26,12.3,1.6,4.1,0.0,
85,1629599,Amir Coffey,2025-26,3.2,0.6,1.2,0.0,
86,1642268,Isaiah Collier,2025-26,11.7,7.2,2.5,0.0,
87,1628381,John Collins,2025-26,13.6,1.0,5.3,0.0,
88,1628380,Zach Collins,2025-26,9.7,1.5,5.6,0.0,
89,201144,Mike Conley,2025-26,4.5,2.9,1.7,0.0,
90,1626192,Pat Connaughton,2025-26,2.6,0.4,1.5,0.0,
91,1631451,Javonte Cooke,2025-26,1.2,0.4,1.0,0.0,
92,1630536,Sharife Cooper,2025-26,8.1,3.0,2.1,0.0,
93,1641731,Bilal Coulibaly,2025-26,11.7,2.6,4.3,0.0,
94,1642907,Cedric Coward,2025-26,13.6,2.8,5.9,0.0,
95,1642384,Isaiah Crawford,2025-26,2.0,0.4,1.1,0.0,
96,1630595,Cade Cunningham,2025-26,23.9,9.9,5.5,0.0,
97,201939,Stephen Curry,2025-26,26.6,4.7,3.6,0.0,
98,1642359,Pacôme Dadiet,2025-26,1.7,0.4,0.9,0.0,
99,1630700,Dyson Daniels,2025-26,11.9,5.9,6.8,0.0,
100,1642368,N'Faly Dante,2025-26,0.8,0.0,1.8,0.0,
101,203076,Anthony Davis,2025-26,20.4,2.8,11.1,0.0,
102,1631120,JD Davison,2025-26,2.5,1.3,1.2,0.0,
103,201942,DeMar DeRozan,2025-26,18.4,4.1,2.9,0.0,
104,1642484,RayJ Dennis,2025-26,4.4,1.9,1.5,0.0,
105,1628978,Donte DiVincenzo,2025-26,12.2,3.8,4.1,0.0,
106,1631217,Moussa Diabaté,2025-26,7.9,1.9,8.7,0.0,
107,1642885,Mohamed Diawara,2025-26,3.6,0.8,1.4,0.0,
108,1641711,Gradey Dick,2025-26,6.0,0.7,1.9,0.0,
109,1630621,Hunter Dickinson,2025-26,2.4,0.4,1.0,0.0,
110,1631172,Ousmane Dieng,2025-26,7.6,2.4,3.2,0.0,
111,1642265,Rob Dillingham,2025-26,6.3,2.2,2.0,0.0,
112,1629029,Luka Dončić,2025-26,33.5,8.3,7.7,0.0,
113,1629652,Luguentz Dort,2025-26,8.3,1.2,3.6,0.0,
114,1630245,Ayo Dosunmu,2025-26,14.8,3.6,3.4,0.0,
115,203083,Andre Drummond,2025-26,6.4,1.3,8.4,0.0,
116,1627739,Kris Dunn,2025-26,7.3,3.6,3.3,0.0,
117,1642346,Ryan Dunn,2025-26,5.8,1.5,4.2,0.0,
118,201142,Kevin Durant,2025-26,26.0,4.8,5.5,0.0,
119,1631105,Jalen Duren,2025-26,19.5,2.0,10.5,0.0,
120,1642856,Egor Dëmin,2025-26,10.3,3.3,3.2,0.0,
121,1631106,Tari Eason,2025-26,10.5,1.5,6.3,0.0,
122,1641744,Zach Edey,2025-26,13.6,1.1,11.1,0.0,
123,1642845,VJ Edgecombe,2025-26,16.0,4.2,5.6,0.0,
124,1630162,Anthony Edwards,2025-26,28.8,3.7,5.0,0.0,
125,1642348,Justin Edwards,2025-26,6.0,1.3,1.5,0.0,
126,1631165,Keon Ellis,2025-26,6.7,1.0,1.9,0.0,
127,203954,Joel Embiid,2025-26,26.9,3.9,7.7,0.0,
128,1642855,Noa Essengue,2025-26,0.0,0.0,0.0,0.0,
129,1630623,Tyson Etienne,2025-26,7.9,1.7,1.1,0.0,
130,1629234,Drew Eubanks,2025-26,5.2,0.5,3.0,0.0,
131,1641787,Tosan Evbuomwan,2025-26,0.0,0.0,0.4,0.0,
132,203957,Dante Exum,career,6.2,2.3,1.9,,0.0
133,1642847,Jeremiah Fears,2025-26,14.3,3.4,3.7,0.0,
134,1642271,Kyle Filipowski,2025-26,11.4,2.6,7.2,0.0,
135,1627827,Dorian Finney-Smith,2025-26,3.3,1.0,2.5,0.0,
136,1642843,Cooper Flagg,2025-26,21.0,4.5,6.7,0.0,
137,1642853,Rasheer Fleming,2025-26,4.3,0.3,2.3,0.0,
138,1642280,Trentyn Flowers,2025-26,2.0,0.5,0.5,0.0,
139,1631323,Simone Fontecchio,2025-26,8.5,1.4,3.0,0.0,
140,1628368,De'Aaron Fox,2025-26,18.6,6.2,3.8,0.0,
141,1642402,Enrique Freeman,2025-26,3.3,0.5,2.5,0.0,
142,1642277,Johnny Furphy,2025-26,5.1,1.2,4.4,0.0,
143,1629655,Daniel Gafford,2025-26,9.5,1.1,6.9,0.0,
144,1642066,Myron Gardner,2025-26,3.6,1.0,2.7,0.0,
145,1629636,Darius Garland,2025-26,18.8,6.7,2.4,0.0,
146,1630568,Luka Garza,2025-26,8.1,1.0,4.1,0.0,
147,1641718,Keyonte George,2025-26,23.6,6.1,3.7,0.0,
148,1642273,Kyshawn George,2025-26,14.8,4.5,5.1,0.0,
149,202331,Paul George,2025-26,17.3,3.6,5.3,0.0,
150,1630581,Josh Giddey,2025-26,17.0,9.1,8.3,0.0,
151,1628983,Shai Gilgeous-Alexander,2025-26,31.1,6.6,4.3,0.0,
152,1630264,Anthony Gill,2025-26,5.8,1.3,2.9,0.0,
153,1631221,Collin Gillespie,2025-26,12.7,4.6,4.1,0.0,
154,203497,Rudy Gobert,2025-26,10.9,1.7,11.5,0.0,
155,1642884,Vladislav Goldin,2025-26,0.8,0.3,1.0,0.0,
156,1642864,Hugo González,2025-26,3.9,0.5,3.3,0.0,
157,1630692,Jordan Goodwin,2025-26,8.7,2.2,4.9,0.0,
158,203932,Aaron Gordon,2025-26,16.2,2.7,5.8,0.0,
159,201569,Eric Gordon,2025-26,5.5,0.5,0.3,0.0,
160,203924,Jerami Grant,2025-26,18.6,2.1,3.5,0.0,
161,1631260,AJ Green,2025-26,10.4,1.9,2.7,0.0,
162,203110,Draymond Green,2025-26,8.4,5.5,5.5,0.0,
163,1630224,Jalen Green,2025-26,17.8,2.8,3.6,0.0,
164,1629750,Javonte Green,2025-26,6.9,0.7,2.8,0.0,
165,201145,Jeff Green,2025-26,2.2,0.3,0.8,0.0,
166,1630182,Josh Green,2025-26,4.3,0.8,1.8,0.0,
167,1629656,Quentin Grimes,2025-26,13.4,3.3,3.6,0.0,
168,1631243,Mouhamed Gueye,2025-26,4.4,0.9,3.6,0.0,
169,1629060,Rui Hachimura,2025-26,11.5,0.8,3.3,0.0,
170,1630169,Tyrese Haliburton,2024-25,18.6,9.2,3.5,0.0,
171,1641790,PJ Hall,2025-26,4.5,0.5,3.9,0.0,
172,203501,Tim Hardaway Jr.,2025-26,13.5,1.4,2.6,0.0,
173,201935,James Harden,2025-26,23.6,8.0,4.8,0.0,
174,1630702,Jaden Hardy,2025-26,9.2,1.0,1.5,0.0,
175,1641989,Elijah Harkless,2025-26,6.8,2.9,2.0,0.0,
176,1642844,Dylan Harper,2025-26,11.8,3.9,3.4,0.0,
177,1631199,Ron Harper Jr.,2025-26,4.2,0.8,1.7,0.0,
178,203914,Gary Harris,2025-26,2.7,1.1,1.3,0.0,
179,1630284,Kevon Harris,career,4.0,0.5,2.0,,0.0
180,202699,Tobias Harris,2025-26,13.3,2.5,5.1,0.0,
181,1628404,Josh Hart,2025-26,12.0,4.8,7.4,0.0,
182,1628392,Isaiah Hartenstein,2025-26,9.2,3.5,9.4,0.0,
183,1630573,Sam Hauser,2025-26,9.2,1.5,3.8,0.0,
184,1641722,Jordan Hawkins,2025-26,5.1,0.8,1.7,0.0,
185,1629637,Jaxson Hayes,2025-26,7.5,0.9,4.1,0.0,
186,1628502,Nigel Hayes-Davis,2025-26,1.3,0.3,1.2,0.0,
187,1630703,Scoot Henderson,2025-26,14.2,3.7,2.7,0.0,
188,1641707,Taylor Hendricks,2025-26,7.4,0.9,3.7,0.0,
189,1642935,Chucky Hepburn,2025-26,0.0,1.0,0.5,0.0,
190,1629639,Tyler Herro,2025-26,20.5,4.1,4.8,0.0,
191,1627741,Buddy Hield,2025-26,7.6,1.4,2.3,0.0,
192,1629312,Haywood Highsmith,2025-26,5.4,1.0,1.9,0.0,
193,1628988,Aaron Holiday,2025-26,5.5,1.1,1.0,0.0,
194,201950,Jrue Holiday,2025-26,16.3,6.1,4.6,0.0,
195,1641842,Ronald Holland II,2025-26,8.2,1.2,4.0,0.0,
196,1641747,DaRon Holmes II,2025-26,3.7,0.6,1.4,0.0,
197,1631096,Chet Holmgren,2025-26,17.1,1.7,8.9,0.0,
198,201143,Al Horford,2025-26,8.3,2.6,4.9,0.0,
199,1631216,Caleb Houstan,2025-26,2.3,0.2,0.6,0.0,
200,1641724,Jett Howard,2025-26,5.5,0.8,1.6,0.0,
201,1628989,Kevin Huerter,2025-26,10.0,2.6,3.5,0.0,
202,1630643,Jay Huff,2025-26,9.5,1.5,4.0,0.0,
203,1630574,Ariel Hukporti,2025-26,2.2,0.5,2.9,0.0,
204,1629631,De'Andre Hunter,2025-26,13.7,2.0,4.1,0.0,
205,1643047,CJ Huntley,2025-26,3.0,0.5,1.3,0.0,
206,1630538,Bones Hyland,2025-26,8.5,2.6,1.8,0.0,
207,1642345,Oso Ighodaro,2025-26,6.5,2.3,5.1,0.0,
208,204060,Joe Ingles,2025-26,1.5,1.3,0.7,0.0,
209,1627742,Brandon Ingram,2025-26,21.5,3.7,5.6,0.0,
210,1631127,Harrison Ingram,2025-26,1.6,0.1,0.4,0.0,
211,202681,Kyrie Irving,2024-25,24.7,4.6,4.8,0.0,
212,1628371,Jonathan Isaac,2025-26,2.6,0.4,2.5,0.0,
213,1631093,Jaden Ivey,2025-26,8.5,1.8,2.5,0.0,
214,1641713,GG Jackson,2025-26,12.5,1.5,4.3,0.0,
215,1630543,Isaiah Jackson,2025-26,6.7,0.9,5.3,0.0,
216,1631245,Quenton Jackson,2025-26,9.1,2.9,2.3,0.0,
217,1641748,Andre Jackson Jr.,2025-26,2.4,0.9,1.5,0.0,
218,1628991,Jaren Jackson Jr.,2025-26,19.4,2.0,5.7,0.0,
219,1631218,Trayce Jackson-Davis,2025-26,3.4,0.7,2.7,0.0,
220,1642857,Kasparas Jakučionis,2025-26,6.2,2.6,2.6,0.0,
221,1642355,Bronny James,2025-26,2.9,1.2,0.5,0.0,
222,2544,LeBron James,2025-26,20.9,7.2,6.1,0.0,
223,1642883,Sion James,2025-26,5.4,2.0,3.5,0.0,
224,1631170,Jaime Jaquez Jr.,2025-26,15.4,4.7,5.0,0.0,
225,1641998,Trey Jemison III,2025-26,1.0,0.4,1.4,0.0,
226,1642450,Daniss Jenkins,2025-26,9.3,3.9,2.3,0.0,
227,1629660,Ty Jerome,2025-26,19.7,5.7,2.8,0.0,
228,1630198,Isaiah Joe,2025-26,11.1,1.3,2.5,0.0,
229,1642358,AJ Johnson,2025-26,3.3,1.0,1.1,0.0,
230,1629661,Cameron Johnson,2025-26,12.2,2.4,3.8,0.0,
231,1630552,Jalen Johnson,2025-26,22.5,7.9,10.3,0.0,
232,1629640,Keldon Johnson,2025-26,13.2,1.4,5.4,0.0,
233,1642352,Keshad Johnson,2025-26,4.3,0.3,1.9,0.0,
234,1642848,Tre Johnson,2025-26,12.2,2.0,2.8,0.0,
235,203999,Nikola Jokić,2025-26,27.7,10.7,12.9,0.0,
236,1641732,Colby Jones,2025-26,2.0,2.0,4.0,0.0,
237,1642938,Curtis Jones,2025-26,2.9,1.0,1.1,0.0,
238,1630529,Herbert Jones,2025-26,8.9,2.8,3.4,0.0,
239,1642403,Isaac Jones,2025-26,1.3,0.1,0.7,0.0,
240,1642880,Kam Jones,2025-26,4.4,3.2,1.6,0.0,
241,1642461,Spencer Jones,2025-26,5.5,0.8,3.3,0.0,
242,1630200,Tre Jones,2025-26,14.1,5.4,3.1,0.0,
243,1626145,Tyus Jones,2025-26,3.0,2.4,1.1,0.0,
244,1642357,David Jones Garcia,2025-26,2.9,1.6,1.2,0.0,
245,1627884,Derrick Jones Jr.,2025-26,10.1,1.4,3.5,0.0,
246,201599,DeAndre Jordan,2025-26,4.4,0.9,6.3,0.0,
247,1631107,Nikola Jović,2025-26,7.3,2.2,3.3,0.0,
248,1630548,Johnny Juzang,2025-26,2.0,0.3,0.8,0.0,
249,1641750,Ryan Kalkbrenner,2025-26,7.6,0.8,5.5,0.0,
250,1642939,Miles Kelly,2025-26,3.1,0.9,1.7,0.0,
251,1628379,Luke Kennard,2025-26,8.4,2.2,2.3,0.0,
252,1631117,Walker Kessler,2025-26,14.4,3.0,10.8,0.0,
253,1630557,Corey Kispert,2025-26,9.2,1.6,2.3,0.0,
254,1628467,Maxi Kleber,2025-26,2.0,0.6,2.0,0.0,
255,1641752,Bobi Klintman,2025-26,1.8,0.5,1.6,0.0,
256,1642261,Dalton Knecht,2025-26,4.2,0.4,1.4,0.0,
257,1642851,Kon Knueppel,2025-26,18.5,3.4,5.3,0.0,
258,1642278,Tyler Kolek,2025-26,4.4,2.7,1.6,0.0,
259,1631132,Christian Koloko,2025-26,2.7,0.7,3.0,0.0,
260,1629723,John Konchar,2025-26,4.4,2.1,4.3,0.0,
261,1628436,Luke Kornet,2025-26,6.5,1.9,6.1,0.0,
262,1630249,Vít Krejčí,2025-26,8.5,1.5,2.3,0.0,
263,1630228,Jonathan Kuminga,2025-26,12.2,2.3,5.6,0.0,
264,1628398,Kyle Kuzma,2025-26,13.0,2.7,4.5,0.0,
265,1631222,Jake LaRavia,2025-26,8.2,1.8,4.0,0.0,
266,203897,Zach LaVine,2025-26,19.2,2.3,2.8,0.0,
267,1629111,Jock Landale,2025-26,10.6,1.7,5.7,0.0,
268,1642404,Chaz Lanier,2025-26,2.4,0.5,0.7,0.0,
269,1641796,Pelle Larsson,2025-26,11.4,3.4,3.5,0.0,
270,1630639,A.J. Lawson,2025-26,4.2,0.3,1.8,0.0,
271,1627747,Caris LeVert,2025-26,7.4,2.7,2.0,0.0,
272,202695,Kawhi Leonard,2025-26,27.9,3.6,6.4,0.0,
273,1630604,E.J. Liddell,2025-26,5.7,0.9,2.7,0.0,
274,203081,Damian Lillard,2024-25,24.9,7.1,4.7,0.0,
275,1641726,Dereck Lively II,2025-26,4.3,1.9,5.3,0.0,
276,1630587,Isaiah Livers,2025-26,1.8,0.6,1.7,0.0,
277,1641753,Chris Livingston,2025-26,3.0,0.3,1.0,0.0,
278,1626172,Kevon Looney,2025-26,2.8,1.6,5.6,0.0,
279,201572,Brook Lopez,2025-26,8.5,1.3,3.6,0.0,
280,1631126,Caleb Love,2025-26,10.4,2.5,2.3,0.0,
281,201567,Kevin Love,2025-26,6.7,1.8,5.8,0.0,
282,200768,Kyle Lowry,2025-26,1.2,0.8,0.6,0.0,
283,1642863,Khaman Maluach,2025-26,3.0,0.1,2.9,0.0,
284,1630572,Sandro Mamukelashvili,2025-26,11.2,1.9,4.9,0.0,
285,1629611,Terance Mann,2025-26,7.2,3.0,3.2,0.0,
286,1630544,Tre Mann,2025-26,5.5,1.6,1.7,0.0,
287,1628374,Lauri Markkanen,2025-26,26.7,2.1,6.9,0.0,
288,1630230,Naji Marshall,2025-26,15.2,3.3,4.7,0.0,
289,1642918,Alijah Martin,2025-26,2.2,0.5,0.9,0.0,
290,1628997,Caleb Martin,2025-26,3.9,1.4,2.5,0.0,
291,1628998,Cody Martin,2025-26,1.8,0.5,3.5,0.0,
292,1631213,Tyrese Martin,2025-26,6.3,1.7,2.5,0.0,
293,1631097,Bennedict Mathurin,2025-26,17.6,2.4,5.4,0.0,
294,1631255,Karlo Matković,2025-26,5.7,0.8,3.7,0.0,
295,1630178,Tyrese Maxey,2025-26,28.3,6.6,4.1,0.0,
296,1643024,Chris Mañon,2025-26,0.8,0.3,1.1,0.0,
297,1630540,Miles McBride,2025-26,12.0,2.6,2.4,0.0,
298,1642272,Jared McCain,2025-26,8.3,1.3,2.0,0.0,
299,1630644,Mac McClung,2025-26,6.1,0.9,0.9,0.0,
300,203468,CJ McCollum,2025-26,18.7,3.9,3.3,0.0,
301,204456,T.J. McConnell,2025-26,9.4,5.1,2.2,0.0,
302,1641755,Kevin McCullar Jr.,2025-26,2.4,1.0,1.3,0.0,
303,1630183,Jaden McDaniels,2025-26,14.8,2.7,4.2,0.0,
304,203926,Doug McDermott,2025-26,5.7,0.8,1.3,0.0,
305,1631121,Bryce McGowens,2025-26,8.1,1.5,2.1,0.0,
306,1629162,Jordan McLaughlin,2025-26,2.0,0.9,0.7,0.0,
307,1642862,Liam McNeeley,2025-26,4.3,0.8,2.4,0.0,
308,1629001,De'Anthony Melton,2025-26,12.3,2.6,3.2,0.0,
309,1630241,Sam Merrill,2025-26,12.8,2.4,2.6,0.0,
310,203114,Khris Middleton,2025-26,10.2,2.8,3.7,0.0,
311,1641706,Brandon Miller,2025-26,20.2,3.3,4.9,0.0,
312,1641801,Emanuel Miller,2025-26,3.0,0.8,0.6,0.0,
313,1641757,Jordan Miller,2025-26,10.0,2.3,3.0,0.0,
314,1631159,Leonard Miller,2025-26,7.8,0.9,3.9,0.0,
315,1642434,Riley Minix,2025-26,3.9,0.6,0.7,0.0,
316,1631169,Josh Minott,2025-26,7.4,0.9,3.2,0.0,
317,1642274,Yves Missi,2025-26,5.7,1.3,5.8,0.0,
318,1642349,Ajay Mitchell,2025-26,13.6,3.6,3.3,0.0,
319,1630558,Davion Mitchell,2025-26,9.3,6.5,2.7,0.0,
320,1628378,Donovan Mitchell,2025-26,27.9,5.7,4.5,0.0,
321,1630596,Evan Mobley,2025-26,18.2,3.6,9.0,0.0,
322,1642367,Jonathan Mogbo,2025-26,1.5,0.6,1.7,0.0,
323,1628370,Malik Monk,2025-26,12.5,3.0,1.9,0.0,
324,1630541,Moses Moody,2025-26,12.1,1.6,3.3,0.0,
325,1631111,Wendell Moore Jr.,2025-26,1.7,0.7,1.0,0.0,
326,1629630,Ja Morant,2025-26,19.5,8.1,3.3,0.0,
327,1628420,Monte Morris,2025-26,3.0,1.5,1.2,0.0,
328,1630530,Trey Murphy III,2025-26,21.5,3.8,5.7,0.0,
329,1627749,Dejounte Murray,2025-26,16.7,6.4,5.4,0.0,
330,1627750,Jamal Murray,2025-26,25.4,7.1,4.4,0.0,
331,1631099,Keegan Murray,2025-26,14.0,1.7,5.7,0.0,
332,1631200,Kris Murray,2025-26,5.8,1.4,3.6,0.0,
333,1642867,Collin Murray-Boyles,2025-26,8.5,1.9,5.0,0.0,
334,1629004,Svi Mykhailiuk,2025-26,9.4,1.9,2.5,0.0,
335,1631250,Pete Nance,2025-26,5.4,1.0,2.7,0.0,
336,1626204,Larry Nance Jr.,2025-26,3.7,1.0,2.7,0.0,
337,1629614,Andrew Nembhard,2025-26,16.9,7.7,2.8,0.0,
338,1642948,Ryan Nembhard,2025-26,6.6,5.3,2.2,0.0,
339,1630174,Aaron Nesmith,2025-26,13.8,1.9,4.2,0.0,
340,1642854,Asa Newell,2025-26,5.2,0.6,2.2,0.0,
341,1627777,Georges Niang,career,7.4,1.0,2.5,,0.0
342,1642949,Yanic Konan Niederhäuser,2025-26,4.3,0.3,2.9,0.0,
343,1630192,Zeke Nnaji,2025-26,3.7,0.6,2.6,0.0,
344,203994,Jusuf Nurkić,2025-26,10.9,4.8,10.4,0.0,
345,1626220,Royce O'Neale,2025-26,9.8,2.7,4.8,0.0,
346,1629006,Josh Okogie,2025-26,4.5,0.9,2.6,0.0,
347,1630168,Onyeka Okongwu,2025-26,15.2,3.1,7.6,0.0,
348,1630171,Isaac Okoro,2025-26,9.3,1.6,2.7,0.0,
349,1642950,Lachlan Olbrich,2025-26,2.4,1.1,3.0,0.0,
350,203482,Kelly Olynyk,2025-26,3.2,1.2,1.8,0.0,
351,1626162,Kelly Oubre Jr.,2025-26,14.1,1.6,5.0,0.0,
352,101108,Chris Paul,2025-26,2.9,3.3,1.8,0.0,
353,1627780,Gary Payton II,2025-26,7.5,1.7,3.6,0.0,
354,1642877,Micah Peavy,2025-26,4.3,1.0,1.9,0.0,
355,1642869,Noah Penda,2025-26,3.8,1.2,3.2,0.0,
356,1643007,Taelon Peter,2025-26,4.5,1.1,1.6,0.0,
357,1641809,Drew Peterson,2025-26,0.8,0.3,1.5,0.0,
358,1641763,Julian Phillips,2025-26,2.9,0.2,1.0,0.0,
359,1629618,Jalen Pickett,2025-26,5.2,2.3,2.3,0.0,
360,1630590,Scotty Pippen Jr.,2025-26,11.4,4.7,2.2,0.0,
361,1631342,Daeqwon Plowden,2025-26,10.8,1.3,3.0,0.0,
362,203486,Mason Plumlee,2025-26,1.6,1.0,2.7,0.0,
363,1641764,Brandin Podziemski,2025-26,13.8,3.7,5.1,0.0,
364,1627751,Jakob Poeltl,2025-26,10.7,2.0,7.0,0.0,
365,1629673,Jordan Poole,2025-26,13.4,3.1,2.0,0.0,
366,1641854,Craig Porter Jr.,2025-26,4.5,3.2,3.4,0.0,
367,1629645,Kevin Porter Jr.,2025-26,17.4,7.4,5.2,0.0,
368,1629008,Michael Porter Jr.,2025-26,24.2,3.0,7.1,0.0,
369,1626171,Bobby Portis,2025-26,13.7,1.6,6.4,0.0,
370,204001,Kristaps Porziņģis,2025-26,16.7,2.5,5.2,0.0,
371,1642366,Quinten Post,2025-26,7.7,1.4,4.0,0.0,
372,1642962,Drake Powell,2025-26,6.5,1.4,1.8,0.0,
373,203939,Dwight Powell,2025-26,3.3,1.1,4.1,0.0,
374,1626181,Norman Powell,2025-26,21.7,2.5,3.5,0.0,
375,1627752,Taurean Prince,2025-26,9.2,1.8,3.1,0.0,
376,1630202,Payton Pritchard,2025-26,17.0,5.2,3.9,0.0,
377,1642878,Tyrese Proctor,2025-26,5.4,1.5,1.3,0.0,
378,1641765,Olivier-Maxence Prosper,2025-26,10.0,1.0,3.5,0.0,
379,1642852,Derik Queen,2025-26,11.7,3.7,7.1,0.0,
380,1629674,Neemias Queta,2025-26,10.2,1.7,8.4,0.0,
381,1630193,Immanuel Quickley,2025-26,16.4,5.9,4.0,0.0,
382,203944,Julius Randle,2025-26,21.1,5.0,6.7,0.0,
383,1642875,Maxime Raynaud,2025-26,12.5,1.4,7.5,0.0,
384,1641871,Duop Reath,2025-26,2.9,0.3,1.2,0.0,
385,1630559,Austin Reaves,2025-26,23.3,5.5,4.7,0.0,
386,1630194,Paul Reed,2025-26,7.8,1.2,4.5,0.0,
387,1641810,Antonio Reeves,2025-26,2.7,0.3,0.8,0.0,
388,1629675,Naz Reid,2025-26,13.6,2.2,6.2,0.0,
389,1642954,Will Richard,2025-26,6.4,1.3,2.5,0.0,
390,1630208,Nick Richards,2025-26,5.8,0.3,5.1,0.0,
391,1642859,Jase Richardson,2025-26,4.4,1.1,1.2,0.0,
392,1642860,Will Riley,2025-26,10.3,2.0,2.9,0.0,
393,1642258,Zaccharie Risacher,2025-26,9.6,1.1,3.8,0.0,
394,1629130,Duncan Robinson,2025-26,12.2,2.1,2.7,0.0,
395,1629011,Mitchell Robinson,2025-26,5.7,0.9,8.8,0.0,
396,1631115,Orlando Robinson,2025-26,1.8,0.8,1.0,0.0,
397,1630526,Jeremiah Robinson-Earl,2025-26,4.6,0.7,4.7,0.0,
398,1631157,Ryan Rollins,2025-26,17.3,5.6,4.6,0.0,
399,1642050,Jackson Rowe,career,3.7,0.7,1.8,,0.0
400,1626179,Terry Rozier,career,13.9,3.5,3.9,,0.0
401,1641712,Rayan Rupert,2025-26,5.2,1.1,2.9,0.0,
402,1626156,D'Angelo Russell,2025-26,10.2,4.0,2.3,0.0,
403,1627734,Domantas Sabonis,2025-26,15.8,4.1,11.4,0.0,
404,1642275,Tidjane Salaün,2025-26,6.0,0.7,4.0,0.0,
405,1642282,Hunter Sallis,2025-26,1.0,0.6,0.1,0.0,
406,1642920,Kobe Sanders,2025-26,7.3,1.6,2.3,0.0,
407,1630611,Gui Santos,2025-26,9.2,2.3,3.9,0.0,
408,1642879,Ben Saraf,2025-26,7.5,3.3,2.1,0.0,
409,1642259,Alex Sarr,2025-26,16.3,2.7,7.4,0.0,
410,1631204,Marcus Sasser,2025-26,5.2,2.0,1.0,0.0,
411,1631248,Baylor Scheierman,2025-26,5.5,1.5,3.5,0.0,
412,203471,Dennis Schröder,2025-26,10.8,4.9,2.7,0.0,
413,1641813,Mark Sears,2025-26,3.1,0.3,0.3,0.0,
414,1630578,Alperen Sengun,2025-26,20.4,6.2,8.9,0.0,
415,1641729,Brice Sensabaugh,2025-26,14.9,1.9,3.1,0.0,
416,1629012,Collin Sexton,2025-26,15.4,3.3,2.3,0.0,
417,1629013,Landry Shamet,2025-26,9.3,1.4,1.8,0.0,
418,1630545,Terrence Shannon Jr.,2025-26,5.6,0.9,1.1,0.0,
419,1630549,Day'Ron Sharpe,2025-26,8.7,2.3,6.7,0.0,
420,1631101,Shaedon Sharpe,2025-26,20.8,2.6,4.3,0.0,
421,1642347,Jamal Shead,2025-26,6.6,5.4,1.7,0.0,
422,1641767,Ben Sheppard,2025-26,7.1,1.8,3.0,0.0,
423,1642263,Reed Sheppard,2025-26,13.5,3.4,2.9,0.0,
424,1642917,Max Shulga,2025-26,0.6,0.2,0.5,0.0,
425,1627783,Pascal Siakam,2025-26,24.0,3.8,6.6,0.0,
426,1629014,Anfernee Simons,2025-26,14.3,2.4,2.5,0.0,
427,1642354,KJ Simpson,2025-26,4.6,2.2,1.9,0.0,
428,1630579,Jericho Sims,2025-26,5.0,1.6,5.5,0.0,
429,1642914,Javon Small,2025-26,9.7,3.7,3.1,0.0,
430,203935,Marcus Smart,2025-26,9.3,3.0,2.8,0.0,
431,1630696,Dru Smith,2025-26,5.6,2.6,2.5,0.0,
432,1630188,Jalen Smith,2025-26,10.2,1.2,6.7,0.0,
433,1642449,Tolu Smith,2025-26,3.7,0.9,3.3,0.0,
434,1631095,Jabari Smith Jr.,2025-26,15.8,1.9,6.9,0.0,
435,1641733,Nick Smith Jr.,2025-26,6.2,1.0,0.8,0.0,
436,1631110,Jeremy Sochan,2025-26,3.6,0.9,2.4,0.0,
437,1642285,Cam Spencer,2025-26,11.1,5.6,2.5,0.0,
438,1630311,Pat Spencer,2025-26,7.2,3.5,2.4,0.0,
439,1641815,Isaiah Stevens,2025-26,3.3,3.3,1.0,0.0,
440,1630191,Isaiah Stewart,2025-26,10.0,1.1,5.0,0.0,
441,1631124,Julian Strawther,2025-26,7.2,1.1,2.0,0.0,
442,1629622,Max Strus,2025-26,11.2,2.0,5.4,0.0,
443,1630591,Jalen Suggs,2025-26,13.8,5.5,3.9,0.0,
444,1630256,Jae'Sean Tate,2025-26,2.8,0.5,1.6,0.0,
445,1628369,Jayson Tatum,2025-26,21.8,5.3,10.0,0.0,
446,1643141,Jahmyl Telfort,2025-26,0.1,0.1,0.4,0.0,
447,202066,Garrett Temple,2025-26,0.8,0.4,0.4,0.0,
448,1631207,Dalen Terry,2025-26,3.7,1.4,1.8,0.0,
449,1642876,Adou Thiero,2025-26,1.9,0.4,1.1,0.0,
450,1630560,Cam Thomas,2025-26,13.5,2.6,1.7,0.0,
451,1641708,Amen Thompson,2025-26,18.3,5.3,7.8,0.0,
452,1641709,Ausar Thompson,2025-26,9.9,3.1,5.7,0.0,
453,202691,Klay Thompson,2025-26,11.7,1.4,2.1,0.0,
454,1629680,Matisse Thybulle,2025-26,5.8,0.9,2.0,0.0,
455,1630214,Xavier Tillman,2025-26,1.5,0.4,1.4,0.0,
456,1641772,Nae'Qwan Tomlin,2025-26,5.8,0.8,2.9,0.0,
457,1642910,John Tonje,2025-26,2.5,0.3,1.0,0.0,
458,1642260,Nikola Topić,2025-26,5.2,4.4,1.9,0.0,
459,1631210,Jacob Toppin,2025-26,1.6,0.2,0.2,0.0,
460,1630167,Obi Toppin,2025-26,11.6,2.3,4.4,0.0,
461,1626157,Karl-Anthony Towns,2025-26,20.1,3.0,11.9,0.0,
462,1642849,Nolan Traore,2025-26,8.9,3.8,1.8,0.0,
463,1631247,Luke Travers,2025-26,2.3,0.8,2.0,0.0,
464,1629018,Gary Trent Jr.,2025-26,8.1,1.2,1.0,0.0,
465,1631131,Oscar Tshiebwe,2025-26,7.8,1.2,6.6,0.0,
466,1626167,Myles Turner,2025-26,11.9,1.5,5.3,0.0,
467,1641816,Hunter Tyson,2025-26,2.2,0.8,1.7,0.0,
468,1642281,Jaylon Tyson,2025-26,13.2,2.2,5.1,0.0,
469,202685,Jonas Valančiūnas,2025-26,8.7,1.2,5.1,0.0,
470,1627832,Fred VanVleet,2024-25,14.1,5.6,3.7,0.0,
471,1629020,Jarred Vanderbilt,2025-26,4.4,1.3,4.5,0.0,
472,1630170,Devin Vassell,2025-26,13.9,2.5,4.0,0.0,
473,1629216,Gabe Vincent,2025-26,4.4,1.4,1.0,0.0,
474,1641774,Tristan Vukcevic,2025-26,9.0,1.1,3.0,0.0,
475,202696,Nikola Vučević,2025-26,15.1,3.3,8.4,0.0,
476,1629731,Dean Wade,2025-26,5.8,1.5,4.2,0.0,
477,1630532,Franz Wagner,2025-26,20.6,3.3,5.2,0.0,
478,1629021,Moritz Wagner,2025-26,6.9,0.8,3.2,0.0,
479,1631133,Jabari Walker,2025-26,4.3,0.5,3.0,0.0,
480,1641716,Jarace Walker,2025-26,11.6,2.5,5.1,0.0,
481,1641717,Cason Wallace,2025-26,8.6,2.6,3.1,0.0,
482,1630811,Keaton Wallace,2025-26,3.5,1.8,1.1,0.0,
483,1641775,Jordan Walsh,2025-26,5.4,0.8,4.0,0.0,
484,1642266,Ja'Kobe Walter,2025-26,7.5,1.2,2.6,0.0,
485,1642276,Kel'el Ware,2025-26,11.1,0.7,9.0,0.0,
486,1629023,P.J. Washington,2025-26,14.2,1.8,7.0,0.0,
487,1630322,Lindy Waters III,2025-26,2.4,0.5,0.7,0.0,
488,1630570,Trendon Watford,2025-26,6.5,2.5,3.3,0.0,
489,1642364,Jamir Watkins,2025-26,7.4,1.3,3.9,0.0,
490,1631212,Peyton Watson,2025-26,14.6,2.1,4.9,0.0,
491,1642377,Jaylen Wells,2025-26,12.5,1.6,3.2,0.0,
492,1641705,Victor Wembanyama,2025-26,25.0,3.1,11.5,0.0,
493,1631104,Blake Wesley,2025-26,4.8,2.0,1.3,0.0,
494,201566,Russell Westbrook,2025-26,15.2,6.7,5.4,0.0,
495,1629632,Coby White,2025-26,17.4,4.0,3.4,0.0,
496,1628401,Derrick White,2025-26,16.5,5.4,4.4,0.0,
497,1641715,Cam Whitmore,2025-26,9.2,0.7,2.8,0.0,
498,1630598,Aaron Wiggins,2025-26,9.4,1.7,3.1,0.0,
499,203952,Andrew Wiggins,2025-26,15.4,2.7,4.8,0.0,
500,1642873,Amari Williams,2025-26,1.4,0.5,1.8,0.0,
501,1630314,Brandon Williams,2025-26,13.0,3.9,2.9,0.0,
502,1642262,Cody Williams,2025-26,8.8,2.0,3.0,0.0,
503,1629684,Grant Williams,2025-26,7.0,1.6,3.9,0.0,
504,1631114,Jalen Williams,2025-26,17.1,5.5,4.6,0.0,
505,1631119,Jaylin Williams,2025-26,7.2,2.4,5.5,0.0,
506,1629026,Kenrich Williams,2025-26,6.5,1.4,3.3,0.0,
507,1631109,Mark Williams,2025-26,11.7,1.0,8.0,0.0,
508,1630172,Patrick Williams,2025-26,7.0,1.5,3.0,0.0,
509,1630533,Ziaire Williams,2025-26,10.2,1.1,2.4,0.0,
510,1629057,Robert Williams III,2025-26,6.7,1.0,7.0,0.0,
511,1631246,Vince Williams Jr.,2025-26,7.5,4.2,3.9,0.0,
512,1629627,Zion Williamson,2025-26,21.0,3.2,5.7,0.0,
513,1630592,Jalen Wilson,2025-26,6.4,0.9,2.1,0.0,
514,1630164,James Wiseman,2025-26,3.3,0.8,2.0,0.0,
515,1642874,Danny Wolf,2025-26,8.9,2.2,4.9,0.0,
516,1627824,Guerschon Yabusele,2025-26,5.6,0.9,3.5,0.0,
517,1642905,Yang Hansen,2025-26,2.2,0.5,1.5,0.0,
518,1642443,Jahmir Young,2025-26,1.8,0.6,0.3,0.0,
519,1629027,Trae Young,2025-26,17.9,8.0,2.0,0.0,
520,1642959,Chris Youngblood,2025-26,2.1,0.4,0.8,0.0,
521,1642911,Rocco Zikarsky,2025-26,2.8,0.4,2.8,0.0,
522,1627826,Ivica Zubac,2025-26,14.1,2.2,10.6,0.0,
523,1641783,Tristan da Silva,2025-26,9.9,1.6,3.7,0.0,
524,203967,Dario Saric,2025-26,1.0,0.4,1.2,0.0,
